new_cases_per_million_nl,new_deaths_per_million_nl,new_cases_per_million_pl,new_deaths_per_million_pl,NL_retail_and_recreation,NL_grocery_and_pharmacy,NL_parks,NL_transit,NL_workplaces,NL_residential,PL_retail_and_recreation,PL_grocery_and_pharmacy,PL_parks,PL_transit,PL_workplaces,PL_residential
11.444,0.0,0.452,0.025,-9.0,12.0,-5.0,-12.0,-3.0,4.0,-14.0,21.0,-13.0,-21.0,-12.0,6.0
8.825,0.285,0.477,0.025,-12.0,24.0,-2.0,-26.0,-11.0,6.0,-28.0,6.0,-29.0,-34.0,-17.0,10.0
10.02,0.114,0.878,0.025,-19.0,8.0,21.0,-28.0,-6.0,6.0,-52.0,-17.0,-29.0,-39.0,-14.0,10.0
15.828,0.455,0.401,0.0,-32.0,11.0,15.0,-33.0,-11.0,5.0,-70.0,-43.0,-17.0,-52.0,-26.0,10.0
16.625,0.228,1.455,0.025,-25.0,16.0,33.0,-49.0,-38.0,14.0,-50.0,-23.0,-20.0,-52.0,-33.0,15.0
19.699,1.082,1.53,0.025,-29.0,11.0,51.0,-54.0,-44.0,16.0,-53.0,-26.0,5.0,-53.0,-38.0,17.0
23.286,0.854,0.326,0.0,-35.0,3.0,34.0,-55.0,-44.0,16.0,-51.0,-24.0,14.0,-52.0,-39.0,16.0
30.403,1.025,2.609,0.0,-41.0,1.0,3.0,-61.0,-47.0,19.0,-52.0,-24.0,-3.0,-54.0,-40.0,17.0
36.324,1.708,1.756,0.0,-45.0,-3.0,-6.0,-61.0,-45.0,19.0,-55.0,-23.0,-31.0,-58.0,-39.0,19.0
32.624,1.708,2.785,0.0,-49.0,-9.0,24.0,-54.0,-26.0,12.0,-64.0,-32.0,-43.0,-59.0,-28.0,14.0
31.029,2.448,2.459,0.05,-60.0,-17.0,15.0,-57.0,-31.0,10.0,-76.0,-55.0,-47.0,-66.0,-33.0,12.0
46.231,1.936,2.885,0.025,-38.0,-9.0,4.0,-65.0,-50.0,18.0,-53.0,-27.0,-37.0,-59.0,-41.0,18.0
48.508,3.587,3.814,0.05,-42.0,-9.0,25.0,-65.0,-52.0,20.0,-52.0,-21.0,-29.0,-58.0,-42.0,19.0
58.073,4.555,3.763,0.1,-45.0,-15.0,27.0,-64.0,-51.0,18.0,-58.0,-30.0,-41.0,-62.0,-44.0,20.0
66.727,4.441,4.265,0.05,-47.0,-14.0,11.0,-66.0,-53.0,21.0,-58.0,-30.0,-35.0,-62.0,-44.0,20.0
65.987,6.377,4.215,0.0,-48.0,-14.0,22.0,-64.0,-49.0,20.0,-58.0,-28.0,-30.0,-62.0,-43.0,21.0
62.856,5.295,6.247,0.05,-54.0,-19.0,1.0,-61.0,-30.0,13.0,-63.0,-34.0,-9.0,-56.0,-29.0,12.0
50.501,7.515,5.62,0.1,-65.0,-29.0,-30.0,-68.0,-35.0,11.0,-78.0,-59.0,-59.0,-71.0,-36.0,13.0
48.11,5.295,4.842,0.226,-44.0,-21.0,-8.0,-68.0,-52.0,19.0,-56.0,-32.0,-48.0,-64.0,-44.0,20.0
58.016,9.964,6.423,0.05,-40.0,-13.0,41.0,-64.0,-52.0,19.0,-54.0,-25.0,-46.0,-63.0,-44.0,21.0
62.229,7.686,6.097,0.251,-44.0,-16.0,16.0,-64.0,-50.0,18.0,-58.0,-38.0,-50.0,-64.0,-46.0,21.0
58.529,9.451,9.835,0.351,-47.0,-16.0,-4.0,-67.0,-52.0,21.0,-58.0,-35.0,-48.0,-64.0,-46.0,21.0
51.754,8.483,10.964,0.351,-48.0,-13.0,1.0,-65.0,-49.0,20.0,-59.0,-33.0,-56.0,-65.0,-45.0,22.0
69.688,9.451,6.122,0.201,-51.0,-16.0,13.0,-57.0,-28.0,13.0,-71.0,-44.0,-56.0,-63.0,-32.0,15.0
54.316,6.547,11.918,0.376,-54.0,-16.0,41.0,-52.0,-29.0,8.0,-71.0,41.0,-59.0,-68.0,-27.0,12.0
44.921,5.864,7.803,0.326,-36.0,-16.0,30.0,-63.0,-51.0,18.0,-54.0,-37.0,-43.0,-62.0,-45.0,19.0
55.34,13.323,10.914,0.552,-35.0,-8.0,61.0,-61.0,-51.0,18.0,-53.0,-29.0,-37.0,-60.0,-46.0,20.0
69.062,8.369,8.957,0.753,-37.0,-10.0,65.0,-58.0,-48.0,16.0,-50.0,-25.0,-37.0,-60.0,-46.0,18.0
76.178,8.426,9.283,0.376,-38.0,-4.0,34.0,-61.0,-50.0,18.0,-48.0,-18.0,-38.0,-58.0,-48.0,19.0
75.324,6.661,9.534,0.176,-39.0,-3.0,40.0,-60.0,-53.0,19.0,-50.0,-16.0,-48.0,-61.0,-54.0,23.0
66.841,7.572,10.061,0.677,-46.0,-4.0,33.0,-51.0,-24.0,11.0,-76.0,-57.0,-57.0,-64.0,-48.0,17.0
54.885,5.352,7.978,0.602,-71.0,-51.0,33.0,-54.0,-29.0,8.0,-88.0,-73.0,-63.0,-75.0,-41.0,13.0
49.419,4.896,6.523,0.326,-57.0,-46.0,14.0,-75.0,-85.0,27.0,-92.0,-94.0,-71.0,-86.0,-90.0,34.0
41.904,6.946,6.724,0.452,-40.0,-10.0,16.0,-64.0,-49.0,18.0,-59.0,-43.0,-54.0,-65.0,-48.0,21.0
60.465,10.761,9.534,0.577,-38.0,-13.0,47.0,-59.0,-46.0,16.0,-53.0,-33.0,-49.0,-61.0,-45.0,20.0
70.542,10.305,8.43,0.703,-40.0,-11.0,43.0,-60.0,-48.0,18.0,-55.0,-32.0,-40.0,-60.0,-43.0,19.0
64.905,8.199,11.566,0.452,-41.0,-10.0,38.0,-59.0,-45.0,17.0,-53.0,-28.0,-44.0,-61.0,-42.0,20.0
61.091,8.085,9.108,0.376,-49.0,-14.0,-1.0,-57.0,-21.0,12.0,-67.0,-36.0,-42.0,-57.0,-23.0,12.0
42.872,4.783,13.674,0.326,-51.0,-17.0,52.0,-49.0,-21.0,8.0,-76.0,-53.0,-56.0,-67.0,-27.0,11.0
41.505,3.815,7.677,0.502,-31.0,-13.0,37.0,-60.0,-48.0,17.0,-45.0,-27.0,3.0,-56.0,-40.0,16.0
40.31,9.394,6.599,0.527,-32.0,-6.0,52.0,-60.0,-47.0,17.0,-47.0,-25.0,10.0,-55.0,-40.0,17.0
50.729,7.914,7.853,0.627,-34.0,-10.0,63.0,-56.0,-44.0,15.0,-47.0,-26.0,11.0,-55.0,-39.0,16.0
46.003,7.06,8.581,0.703,-35.0,-6.0,64.0,-56.0,-47.0,16.0,-45.0,-21.0,29.0,-53.0,-39.0,15.0
37.292,6.377,9.559,1.004,-36.0,-5.0,47.0,-56.0,-44.0,16.0,-46.0,-20.0,5.0,-54.0,-38.0,15.0
37.292,6.832,9.559,0.753,-41.0,-6.0,20.0,-51.0,-18.0,10.0,-61.0,-27.0,-15.0,-52.0,-22.0,10.0
22.831,3.815,8.631,0.276,-43.0,-6.0,62.0,-46.0,-19.0,7.0,-54.0,73.0,10.0,-53.0,-14.0,7.0
9.736,2.448,7.151,0.677,-34.0,-19.0,107.0,-63.0,-79.0,22.0,-40.0,-27.0,22.0,-53.0,-36.0,14.0
22.034,2.733,7.928,0.853,-35.0,-7.0,-3.0,-63.0,-48.0,16.0,-41.0,-19.0,37.0,-50.0,-36.0,12.0
29.264,8.256,10.588,0.703,-34.0,-9.0,22.0,-58.0,-45.0,15.0,-41.0,-14.0,-15.0,-53.0,-37.0,15.0
27.044,4.783,5.946,0.502,-37.0,-7.0,13.0,-60.0,-47.0,17.0,-28.0,18.0,25.0,-44.0,-38.0,10.0
25.393,5.58,5.72,0.176,-40.0,-9.0,2.0,-60.0,-44.0,17.0,-82.0,-85.0,6.0,-74.0,-81.0,28.0
19.073,5.352,6.774,0.326,-43.0,-9.0,5.0,-53.0,-16.0,11.0,-56.0,-19.0,25.0,-50.0,-28.0,8.0
11.33,3.928,7.978,0.351,-45.0,-13.0,53.0,-46.0,-15.0,7.0,-66.0,-43.0,-1.0,-57.0,-21.0,6.0
18.048,1.48,7.853,0.502,-20.0,-9.0,58.0,-58.0,-52.0,16.0,-29.0,-18.0,5.0,-49.0,-34.0,12.0
13.209,4.953,10.663,0.452,-30.0,-7.0,123.0,-61.0,-70.0,21.0,-35.0,-17.0,-17.0,-52.0,-34.0,14.0
25.905,2.05,7.753,0.427,-27.0,-6.0,74.0,-52.0,-40.0,13.0,-35.0,-17.0,-16.0,-51.0,-34.0,14.0
18.162,4.783,7.703,0.552,-30.0,-3.0,69.0,-55.0,-43.0,15.0,-32.0,-11.0,16.0,-46.0,-32.0,12.0
16.454,4.042,8.004,0.527,-31.0,0.0,86.0,-51.0,-39.0,13.0,-30.0,-6.0,35.0,-44.0,-31.0,11.0
13.949,3.644,7.151,0.226,-35.0,2.0,92.0,-39.0,-8.0,6.0,-37.0,-11.0,79.0,-32.0,-10.0,2.0
9.166,1.025,8.656,0.376,-47.0,-11.0,11.0,-47.0,-1.0,5.0,-44.0,-4.0,82.0,-34.0,-6.0,1.0
11.159,0.911,8.28,0.276,-29.0,-9.0,10.0,-57.0,-40.0,15.0,-29.0,-16.0,-14.0,-48.0,-31.0,12.0
12.924,3.074,14.928,0.703,-27.0,-2.0,33.0,-55.0,-39.0,15.0,-30.0,-11.0,-8.0,-47.0,-31.0,13.0
15.372,2.961,7.1,0.552,-30.0,-6.0,28.0,-54.0,-37.0,13.0,-30.0,-13.0,2.0,-46.0,-30.0,12.0
11.387,1.594,10.312,0.552,-32.0,-4.0,27.0,-55.0,-38.0,14.0,-29.0,-10.0,3.0,-46.0,-30.0,11.0
10.761,3.018,10.061,0.602,-32.0,-3.0,48.0,-51.0,-35.0,13.0,-30.0,-6.0,9.0,-45.0,-29.0,11.0
7.174,1.537,6.047,0.201,-36.0,-5.0,39.0,-46.0,-6.0,8.0,-35.0,-11.0,37.0,-36.0,-8.0,4.0
8.312,0.569,6.824,0.251,-37.0,-6.0,86.0,-40.0,-3.0,5.0,-46.0,-12.0,52.0,-37.0,-3.0,3.0
6.149,0.797,8.932,0.276,-21.0,-6.0,64.0,-52.0,-38.0,13.0,-19.0,-12.0,17.0,-43.0,-27.0,10.0
11.273,1.196,9.609,0.301,-19.0,3.0,90.0,-51.0,-37.0,13.0,-22.0,-11.0,17.0,-43.0,-27.0,11.0
14.404,1.879,11.817,0.351,-11.0,15.0,134.0,-44.0,-35.0,9.0,-17.0,-7.0,43.0,-39.0,-27.0,9.0
10.704,1.537,10.136,0.251,-35.0,-13.0,246.0,-53.0,-78.0,19.0,-16.0,-4.0,47.0,-38.0,-27.0,9.0
10.02,0.74,11.943,0.251,-22.0,3.0,86.0,-54.0,-54.0,16.0,-20.0,-3.0,41.0,-39.0,-26.0,9.0
9.793,1.309,7.828,0.276,-32.0,-4.0,67.0,-43.0,-2.0,7.0,-28.0,-9.0,24.0,-36.0,-3.0,4.0
11.899,0.626,9.91,0.075,-45.0,-12.0,7.0,-51.0,-5.0,6.0,-41.0,-19.0,17.0,-39.0,-1.0,3.0
7.572,0.455,7.652,0.276,-14.0,-2.0,75.0,-49.0,-38.0,12.0,-15.0,-5.0,-4.0,-42.0,-26.0,10.0
10.818,1.48,11.115,0.427,-13.0,5.0,114.0,-47.0,-36.0,11.0,-14.0,1.0,23.0,-36.0,-23.0,8.0
10.362,0.854,10.011,0.1,-16.0,1.0,96.0,-46.0,-34.0,10.0,-17.0,-9.0,53.0,-36.0,-24.0,8.0
10.02,1.822,8.832,0.251,-20.0,3.0,74.0,-49.0,-35.0,12.0,-17.0,-4.0,27.0,-38.0,-24.0,9.0
7.458,1.594,8.28,0.326,-22.0,4.0,122.0,-44.0,-32.0,10.0,-16.0,-1.0,34.0,-36.0,-23.0,8.0
10.533,1.139,10.437,0.251,-28.0,5.0,129.0,-33.0,10.0,4.0,-22.0,-7.0,30.0,-32.0,2.0,3.0
5.864,0.285,5.394,0.075,-43.0,-16.0,154.0,-31.0,6.0,2.0,-34.0,-15.0,42.0,-35.0,5.0,2.0
5.807,0.342,9.509,0.251,-2.0,-16.0,248.0,-52.0,-76.0,16.0,4.0,1.0,77.0,-29.0,-21.0,5.0
4.896,0.285,5.771,0.452,-7.0,9.0,153.0,-44.0,-34.0,9.0,-15.0,-7.0,50.0,-34.0,-21.0,8.0
11.899,0.569,7.326,0.577,-11.0,0.0,102.0,-44.0,-31.0,9.0,-12.0,-6.0,58.0,-33.0,-21.0,7.0
11.956,0.74,9.057,0.05,-23.0,-3.0,12.0,-53.0,-34.0,12.0,-12.0,-3.0,74.0,-30.0,-20.0,6.0
10.419,0.854,9.082,0.502,-25.0,-5.0,14.0,-50.0,-30.0,11.0,-18.0,-2.0,5.0,-36.0,-22.0,8.0
13.607,0.342,14.452,0.401,-23.0,-3.0,21.0,-43.0,8.0,6.0,-18.0,-5.0,96.0,-21.0,7.0,-1.0
9.394,0.114,14.427,0.1,-25.0,-7.0,27.0,-45.0,6.0,5.0,-19.0,-1.0,73.0,-27.0,11.0,0.0
9.337,0.171,15.029,0.226,-11.0,-4.0,53.0,-48.0,-34.0,11.0,-10.0,-6.0,24.0,-35.0,-22.0,6.0
10.476,0.854,10.036,0.427,-8.0,3.0,83.0,-47.0,-33.0,10.0,-7.0,0.0,52.0,-30.0,-21.0,6.0
9.337,0.626,7.075,0.577,-10.0,-1.0,88.0,-45.0,-31.0,9.0,8.0,31.0,64.0,-21.0,-23.0,2.0
11.956,0.114,9.007,0.226,-12.0,1.0,61.0,-48.0,-33.0,11.0,-48.0,-75.0,218.0,-51.0,-77.0,17.0
10.191,0.512,9.434,0.176,-11.0,-1.0,129.0,-40.0,-29.0,8.0,0.0,9.0,149.0,-35.0,-47.0,8.0
8.142,0.228,11.039,0.376,-17.0,-3.0,126.0,-31.0,13.0,3.0,-17.0,-7.0,158.0,-23.0,2.0,-2.0
9.394,0.114,9.409,0.251,-20.0,-5.0,71.0,-38.0,11.0,3.0,-2.0,5.0,125.0,-10.0,15.0,-5.0
7.914,0.342,9.935,0.226,-5.0,-1.0,99.0,-45.0,-33.0,9.0,-2.0,1.0,65.0,-27.0,-20.0,4.0
6.661,0.285,10.211,0.401,-7.0,3.0,90.0,-46.0,-33.0,10.0,-5.0,1.0,84.0,-27.0,-20.0,5.0
6.547,0.228,12.695,0.351,-6.0,-1.0,99.0,-42.0,-30.0,8.0,-6.0,-1.0,69.0,-28.0,-20.0,5.0
6.092,0.228,7.878,0.753,-11.0,0.0,63.0,-46.0,-33.0,10.0,-7.0,0.0,59.0,-28.0,-21.0,5.0
4.327,0.171,7.552,0.452,-8.0,1.0,116.0,-39.0,-29.0,7.0,-10.0,0.0,37.0,-30.0,-21.0,5.0
5.181,0.455,7.627,0.301,-11.0,2.0,123.0,-28.0,13.0,2.0,-15.0,-4.0,55.0,-24.0,6.0,0.0
3.701,0.057,7.803,0.251,-12.0,-4.0,105.0,-30.0,24.0,0.0,-16.0,-9.0,57.0,-24.0,12.0,0.0
3.644,0.0,7.427,0.075,1.0,2.0,129.0,-42.0,-34.0,8.0,-4.0,-2.0,41.0,-30.0,-23.0,5.0
4.669,0.285,7.527,0.401,6.0,9.0,185.0,-40.0,-33.0,8.0,1.0,6.0,89.0,-23.0,-21.0,4.0
6.263,0.114,7.376,0.527,0.0,3.0,192.0,-37.0,-31.0,6.0,-5.0,-2.0,59.0,-27.0,-21.0,5.0
5.181,0.171,7.477,0.401,-3.0,4.0,161.0,-40.0,-33.0,8.0,-1.0,3.0,114.0,-22.0,-20.0,3.0
3.928,0.171,6.925,0.427,-10.0,-1.0,181.0,-37.0,-30.0,6.0,-3.0,3.0,85.0,-21.0,-21.0,3.0
4.156,0.114,8.004,0.151,-16.0,-3.0,86.0,-33.0,7.0,3.0,-13.0,-6.0,124.0,-13.0,6.0,-3.0
2.847,0.114,6.197,0.151,-2.0,0.0,82.0,-44.0,-33.0,9.0,-8.0,-9.0,43.0,-28.0,-23.0,5.0
3.53,0.342,5.996,0.477,-2.0,3.0,72.0,-45.0,-32.0,9.0,3.0,3.0,119.0,-20.0,-20.0,3.0
4.384,0.114,9.584,0.351,1.0,1.0,91.0,-39.0,-30.0,7.0,3.0,2.0,118.0,-19.0,-21.0,2.0
4.27,0.171,9.308,0.376,-1.0,1.0,85.0,-40.0,-31.0,8.0,1.0,4.0,104.0,-21.0,-22.0,3.0
3.473,0.114,6.498,0.376,-2.0,-1.0,124.0,-35.0,-28.0,6.0,-3.0,3.0,88.0,-22.0,-22.0,2.0
4.213,0.342,7.878,0.125,-17.0,-6.0,50.0,-36.0,5.0,4.0,-8.0,-2.0,159.0,-9.0,6.0,-5.0
2.05,0.057,5.796,0.125,-10.0,-4.0,69.0,-33.0,8.0,2.0,11.0,20.0,165.0,-2.0,14.0,-6.0
2.107,0.057,5.143,0.1,2.0,0.0,106.0,-42.0,-36.0,8.0,2.0,1.0,95.0,-23.0,-25.0,3.0
2.961,0.228,6.448,0.176,9.0,6.0,146.0,-39.0,-35.0,8.0,3.0,3.0,122.0,-21.0,-24.0,3.0
2.961,0.171,6.95,0.351,-1.0,-2.0,88.0,-40.0,-33.0,7.0,2.0,0.0,90.0,-23.0,-24.0,3.0
2.391,0.114,6.573,0.226,-5.0,-2.0,60.0,-43.0,-35.0,9.0,3.0,4.0,107.0,-21.0,-24.0,3.0
5.75,0.057,7.652,0.151,-10.0,-5.0,133.0,-24.0,8.0,1.0,-7.0,-1.0,86.0,-15.0,1.0,-2.0
4.042,0.0,9.283,0.075,1.0,-3.0,162.0,-19.0,12.0,-1.0,21.0,35.0,141.0,9.0,19.0,-6.0
3.018,0.0,7.502,0.125,11.0,1.0,209.0,-37.0,-38.0,6.0,6.0,3.0,114.0,-21.0,-26.0,3.0
5.637,0.057,6.624,0.151,8.0,0.0,175.0,-36.0,-35.0,6.0,7.0,4.0,159.0,-18.0,-25.0,2.0
5.864,0.057,8.355,0.276,0.0,0.0,115.0,-43.0,-37.0,8.0,4.0,5.0,100.0,-22.0,-26.0,4.0
7.288,0.057,8.857,0.176,0.0,-2.0,181.0,-36.0,-35.0,5.0,1.0,4.0,119.0,-20.0,-25.0,2.0
10.533,0.0,8.982,0.151,-1.0,-3.0,165.0,-22.0,9.0,-1.0,18.0,20.0,185.0,5.0,11.0,-6.0
9.28,0.0,7.0,0.075,16.0,4.0,219.0,-40.0,-45.0,7.0,5.0,4.0,127.0,-21.0,-28.0,2.0
9.565,0.0,10.011,0.226,20.0,7.0,258.0,-39.0,-45.0,7.0,7.0,6.0,174.0,-19.0,-28.0,2.0
9.28,0.171,9.534,0.151,11.0,-2.0,227.0,-37.0,-41.0,6.0,9.0,5.0,176.0,-18.0,-26.0,2.0
10.988,0.0,10.487,0.226,8.0,1.0,194.0,-41.0,-43.0,7.0,6.0,6.0,165.0,-19.0,-27.0,2.0
7.971,0.0,11.491,0.1,-1.0,-3.0,175.0,-39.0,-42.0,6.0,1.0,6.0,143.0,-18.0,-26.0,1.0
16.056,0.057,14.652,0.226,-15.0,-8.0,113.0,-30.0,-2.0,2.0,-5.0,1.0,193.0,-2.0,1.0,-6.0
9.508,1.082,11.115,0.176,4.0,-3.0,153.0,-21.0,8.0,-1.0,15.0,20.0,176.0,4.0,10.0,-7.0
14.063,0.228,12.595,0.151,16.0,5.0,231.0,-43.0,-49.0,9.0,2.0,4.0,189.0,-20.0,-29.0,3.0
19.529,0.114,12.846,0.301,12.0,-2.0,227.0,-39.0,-47.0,7.0,9.0,7.0,183.0,-17.0,-29.0,2.0
19.87,0.0,15.43,0.376,9.0,1.0,233.0,-40.0,-49.0,7.0,9.0,8.0,185.0,-16.0,-29.0,2.0
24.653,0.0,16.484,0.176,-9.0,-9.0,286.0,-37.0,-48.0,5.0,3.0,6.0,146.0,-17.0,-29.0,1.0
20.838,0.057,16.509,0.125,-18.0,-10.0,187.0,-25.0,-4.0,0.0,-6.0,0.0,202.0,1.0,-2.0,-6.0
22.204,0.114,13.749,0.251,-2.0,-5.0,172.0,-20.0,7.0,-1.0,20.0,25.0,204.0,8.0,8.0,-7.0
27.841,0.0,14.427,0.025,10.0,-2.0,182.0,-45.0,-52.0,9.0,5.0,4.0,115.0,-21.0,-33.0,4.0
24.254,0.057,17.061,0.151,21.0,6.0,279.0,-40.0,-50.0,8.0,2.0,3.0,133.0,-23.0,-33.0,6.0
34.559,0.171,16.057,0.452,10.0,-1.0,286.0,-38.0,-48.0,6.0,10.0,6.0,192.0,-17.0,-31.0,3.0
30.688,0.0,18.215,0.452,0.0,-1.0,251.0,-42.0,-51.0,8.0,7.0,7.0,221.0,-16.0,-31.0,2.0
27.67,0.057,20.297,0.326,-12.0,-7.0,262.0,-41.0,-49.0,6.0,0.0,5.0,181.0,-19.0,-31.0,0.0
32.908,0.228,21.151,0.326,-27.0,-12.0,217.0,-28.0,-7.0,1.0,-8.0,1.0,211.0,-3.0,-3.0,-6.0
36.552,0.0,15.656,0.176,-14.0,-6.0,196.0,-23.0,4.0,-1.0,13.0,19.0,187.0,3.0,6.0,-7.0
13.095,0.0,15.53,0.05,5.0,1.0,254.0,-44.0,-50.0,8.0,10.0,9.0,181.0,-18.0,-32.0,1.0
69.403,0.114,13.824,0.301,4.0,2.0,282.0,-45.0,-49.0,9.0,9.0,8.0,208.0,-18.0,-31.0,2.0
35.299,0.114,17.939,0.226,-1.0,-6.0,263.0,-42.0,-46.0,7.0,12.0,8.0,214.0,-16.0,-31.0,1.0
37.064,0.228,20.348,0.351,-6.0,-5.0,173.0,-47.0,-48.0,10.0,11.0,14.0,214.0,-15.0,-31.0,1.0
37.634,0.114,20.875,0.351,-7.0,-7.0,172.0,-41.0,-45.0,7.0,10.0,32.0,183.0,-17.0,-40.0,1.0
30.631,0.114,19.344,0.276,-15.0,-9.0,149.0,-26.0,-2.0,1.0,-41.0,-74.0,257.0,-16.0,-35.0,-2.0
28.41,0.171,14.903,0.201,-9.0,-7.0,137.0,-25.0,5.0,0.0,23.0,29.0,212.0,9.0,6.0,-9.0
28.353,0.0,14.928,0.201,5.0,-1.0,152.0,-42.0,-43.0,8.0,12.0,13.0,161.0,-16.0,-33.0,1.0
31.826,0.171,14.978,0.276,10.0,3.0,194.0,-40.0,-40.0,8.0,5.0,6.0,156.0,-20.0,-29.0,3.0
30.972,0.342,18.441,0.427,4.0,-4.0,189.0,-37.0,-38.0,6.0,8.0,6.0,152.0,-19.0,-29.0,3.0
30.745,0.569,19.244,0.301,1.0,-2.0,151.0,-41.0,-40.0,7.0,7.0,6.0,191.0,-17.0,-29.0,1.0
28.923,0.228,22.656,0.326,-3.0,-5.0,173.0,-36.0,-38.0,5.0,-1.0,4.0,167.0,-19.0,-29.0,1.0
26.873,0.285,22.581,0.326,-14.0,-8.0,105.0,-29.0,0.0,2.0,-12.0,-5.0,144.0,-10.0,-3.0,-4.0
34.275,0.0,14.577,0.1,-4.0,-3.0,91.0,-27.0,7.0,1.0,14.0,11.0,144.0,2.0,7.0,-5.0
24.311,0.114,13.749,0.125,5.0,0.0,120.0,-39.0,-37.0,7.0,7.0,4.0,131.0,-18.0,-27.0,2.0
32.51,0.285,19.143,0.427,3.0,2.0,105.0,-40.0,-36.0,8.0,6.0,5.0,146.0,-17.0,-26.0,2.0
30.972,0.455,18.29,0.427,-6.0,-6.0,69.0,-39.0,-34.0,8.0,5.0,2.0,98.0,-19.0,-26.0,3.0
28.98,0.171,22.254,0.401,2.0,-1.0,104.0,-37.0,-34.0,6.0,4.0,5.0,94.0,-19.0,-26.0,3.0
28.524,0.114,19.846,0.201,-6.0,-5.0,92.0,-36.0,-32.0,6.0,3.0,5.0,120.0,-17.0,-25.0,1.0
28.923,0.228,19.043,0.351,-11.0,-6.0,79.0,-28.0,2.0,2.0,-6.0,-6.0,126.0,-8.0,-1.0,-3.0
30.915,0.0,15.832,0.025,-9.0,-5.0,55.0,-29.0,7.0,2.0,54.0,162.0,93.0,2.0,17.0,-5.0
27.215,0.0,12.595,0.151,2.0,-2.0,106.0,-35.0,-33.0,6.0,7.0,-1.0,62.0,-18.0,-26.0,3.0
42.132,0.455,13.799,0.477,3.0,2.0,132.0,-32.0,-32.0,6.0,7.0,7.0,53.0,-13.0,-26.0,4.0
34.958,0.285,14.928,0.502,3.0,-3.0,149.0,-29.0,-30.0,4.0,0.0,3.0,54.0,-12.0,-22.0,1.0
42.872,0.0,15.355,0.351,-13.0,-8.0,45.0,-38.0,-32.0,7.0,1.0,4.0,91.0,-10.0,-21.0,0.0
37.634,0.114,17.337,0.201,-5.0,-3.0,118.0,-31.0,-29.0,4.0,-2.0,3.0,75.0,-11.0,-20.0,-1.0
52.664,0.228,14.226,0.326,-10.0,-6.0,105.0,-26.0,1.0,1.0,-7.0,-3.0,99.0,-11.0,-1.0,-2.0
45.377,0.114,10.964,0.176,-3.0,-3.0,104.0,-23.0,6.0,0.0,4.0,1.0,92.0,-6.0,3.0,-2.0
55.17,0.0,7.577,0.1,-1.0,-3.0,115.0,-33.0,-33.0,5.0,0.0,2.0,63.0,-12.0,-22.0,0.0
65.532,0.057,10.036,0.301,-1.0,0.0,115.0,-35.0,-33.0,6.0,-1.0,3.0,89.0,-11.0,-22.0,0.0
47.028,0.114,10.563,0.276,-5.0,-5.0,97.0,-34.0,-29.0,5.0,1.0,3.0,99.0,-11.0,-19.0,-1.0
72.307,0.171,12.695,0.301,-5.0,-3.0,106.0,-34.0,-30.0,5.0,3.0,7.0,92.0,-9.0,-20.0,-2.0
70.143,0.171,14.903,0.251,-4.0,-4.0,142.0,-28.0,-27.0,3.0,3.0,7.0,100.0,-7.0,-19.0,-5.0
62.002,0.057,15.129,0.326,-10.0,-6.0,121.0,-24.0,2.0,1.0,-1.0,-2.0,161.0,-1.0,-2.0,-7.0
74.926,0.057,12.595,0.151,3.0,-3.0,153.0,-17.0,7.0,-1.0,19.0,20.0,150.0,6.0,4.0,-8.0
78.513,0.114,9.459,0.376,2.0,-3.0,167.0,-30.0,-27.0,4.0,2.0,2.0,100.0,-10.0,-13.0,-3.0
87.793,0.114,15.179,0.602,4.0,1.0,209.0,-31.0,-28.0,5.0,0.0,3.0,122.0,-10.0,-12.0,-2.0
100.262,0.114,15.054,0.251,-3.0,-3.0,143.0,-31.0,-25.0,4.0,1.0,2.0,115.0,-9.0,-13.0,-2.0
112.844,0.342,21.0,0.401,-7.0,-6.0,100.0,-36.0,-27.0,5.0,-1.0,2.0,76.0,-12.0,-14.0,-1.0
107.948,0.455,18.993,0.427,-7.0,-6.0,130.0,-30.0,-24.0,3.0,-1.0,4.0,81.0,-10.0,-13.0,-2.0
105.557,0.114,25.14,0.301,-10.0,-8.0,132.0,-25.0,2.0,0.0,-3.0,-3.0,125.0,-5.0,-2.0,-4.0
126.224,0.228,22.832,0.276,3.0,-4.0,150.0,-18.0,7.0,-1.0,14.0,13.0,129.0,2.0,2.0,-5.0
128.217,0.114,18.767,0.125,0.0,-3.0,123.0,-33.0,-27.0,5.0,0.0,2.0,77.0,-11.0,-13.0,-1.0
134.366,0.569,17.839,0.452,2.0,1.0,137.0,-33.0,-26.0,5.0,-4.0,2.0,94.0,-9.0,-12.0,0.0
146.094,0.342,24.437,0.703,-8.0,-2.0,66.0,-35.0,-23.0,6.0,-4.0,2.0,84.0,-9.0,-10.0,0.0
158.221,0.968,28.502,0.627,-12.0,-3.0,35.0,-38.0,-25.0,7.0,-5.0,3.0,76.0,-10.0,-10.0,0.0
154.976,0.911,39.817,0.577,-12.0,-4.0,40.0,-35.0,-23.0,6.0,-7.0,3.0,40.0,-11.0,-10.0,1.0
170.861,2.164,39.742,0.803,-12.0,-4.0,43.0,-31.0,2.0,2.0,-9.0,-4.0,35.0,-14.0,-4.0,0.0
166.534,0.455,33.871,0.201,-11.0,-5.0,36.0,-32.0,5.0,2.0,-19.0,-22.0,7.0,-18.0,-5.0,1.0
171.487,0.342,32.767,0.376,-12.0,-6.0,22.0,-39.0,-24.0,7.0,-6.0,0.0,27.0,-12.0,-8.0,2.0
188.34,0.74,33.269,0.903,-7.0,2.0,60.0,-39.0,-25.0,8.0,-7.0,2.0,31.0,-12.0,-8.0,2.0
185.607,0.74,38.939,0.753,-10.0,-2.0,50.0,-39.0,-26.0,7.0,-3.0,3.0,23.0,-10.0,-9.0,1.0
217.832,0.74,49.351,0.753,-21.0,-7.0,1.0,-44.0,-27.0,10.0,-8.0,3.0,19.0,-12.0,-8.0,1.0
226.201,0.512,57.505,0.677,-15.0,-2.0,46.0,-38.0,-23.0,7.0,-7.0,4.0,29.0,-10.0,-7.0,0.0
228.137,1.196,59.387,0.853,-23.0,-8.0,10.0,-39.0,-2.0,6.0,-6.0,-3.0,92.0,-4.0,-3.0,-2.0
260.76,0.285,48.523,0.652,-19.0,-6.0,31.0,-37.0,1.0,4.0,-8.0,-12.0,52.0,-5.0,-4.0,-1.0
258.198,0.0,50.33,0.728,-18.0,-9.0,13.0,-42.0,-29.0,9.0,-9.0,-1.0,21.0,-11.0,-9.0,1.0
284.217,1.594,56.1,1.455,-16.0,-3.0,25.0,-43.0,-29.0,10.0,-9.0,2.0,42.0,-11.0,-9.0,1.0
331.986,2.05,75.344,1.882,-16.0,-5.0,28.0,-41.0,-26.0,8.0,-8.0,1.0,33.0,-12.0,-8.0,1.0
340.013,0.74,107.384,1.882,-26.0,-12.0,-10.0,-46.0,-28.0,11.0,-9.0,4.0,32.0,-13.0,-8.0,2.0
370.246,0.74,118.9,1.305,-17.0,-4.0,41.0,-39.0,-24.0,8.0,-6.0,7.0,35.0,-12.0,-8.0,1.0
363.072,1.309,132.975,1.33,-24.0,-10.0,11.0,-41.0,-2.0,6.0,-14.0,-4.0,40.0,-15.0,-3.0,1.0
389.888,0.968,104.824,0.803,-24.0,-10.0,24.0,-40.0,0.0,4.0,-22.0,-16.0,27.0,-18.0,-5.0,2.0
420.063,0.683,110.244,0.878,-11.0,-6.0,51.0,-44.0,-33.0,9.0,-14.0,-3.0,-5.0,-21.0,-11.0,4.0
415.395,1.993,127.154,1.556,-8.0,0.0,64.0,-45.0,-33.0,10.0,-16.0,-3.0,-6.0,-22.0,-12.0,6.0
444.147,1.822,163.735,2.91,-13.0,-6.0,51.0,-45.0,-31.0,9.0,-13.0,-3.0,-11.0,-29.0,-24.0,8.0
455.021,1.651,203.201,2.283,-29.0,-5.0,31.0,-50.0,-34.0,12.0,-15.0,1.0,4.0,-20.0,-12.0,5.0
462.48,0.911,193.315,3.312,-29.0,-4.0,55.0,-45.0,-32.0,10.0,-15.0,4.0,-7.0,-23.0,-12.0,5.0
466.009,1.651,241.412,2.108,-35.0,-7.0,44.0,-43.0,-8.0,7.0,-25.0,-10.0,-4.0,-30.0,-8.0,5.0
455.249,0.797,214.165,1.229,-39.0,-11.0,51.0,-43.0,-8.0,5.0,-41.0,-30.0,-10.0,-33.0,-13.0,6.0
465.042,0.968,187.72,1.029,-20.0,-7.0,61.0,-49.0,-40.0,11.0,-19.0,-6.0,-2.0,-31.0,-19.0,7.0
497.779,2.619,233.108,2.685,-20.0,-1.0,49.0,-50.0,-39.0,12.0,-20.0,-5.0,14.0,-30.0,-19.0,8.0
528.581,3.359,251.9,3.262,-26.0,-8.0,31.0,-49.0,-37.0,11.0,-21.0,-5.0,4.0,-30.0,-19.0,8.0
569.118,2.619,303.76,4.215,-24.0,-3.0,49.0,-49.0,-38.0,12.0,-19.0,-1.0,40.0,-27.0,-20.0,7.0
492.94,2.562,342.021,3.839,-25.0,-2.0,55.0,-45.0,-35.0,10.0,-21.0,2.0,13.0,-28.0,-19.0,7.0
581.074,3.131,341.921,4.491,-33.0,-5.0,27.0,-43.0,-7.0,7.0,-34.0,-9.0,24.0,-30.0,-9.0,5.0
589.102,1.537,294.602,2.183,-39.0,-9.0,5.0,-45.0,-6.0,6.0,-41.0,-15.0,52.0,-25.0,-13.0,4.0
586.255,1.48,256.943,1.129,-22.0,-6.0,17.0,-46.0,-29.0,10.0,-26.0,-6.0,16.0,-29.0,-28.0,9.0
461.455,3.985,408.961,3.312,-23.0,-1.0,14.0,-47.0,-29.0,11.0,-28.0,-4.0,16.0,-33.0,-28.0,10.0
585.117,3.416,472.186,5.871,-29.0,-7.0,-1.0,-46.0,-25.0,10.0,-24.0,-3.0,32.0,-28.0,-29.0,10.0
633.056,3.188,505.706,7.527,-32.0,-6.0,-10.0,-49.0,-27.0,12.0,-28.0,-2.0,-2.0,-36.0,-29.0,10.0
559.154,4.953,542.663,5.068,-31.0,-4.0,2.0,-45.0,-24.0,10.0,-30.0,1.0,-4.0,-33.0,-28.0,10.0
494.591,2.847,549.387,7.025,-32.0,-5.0,33.0,-41.0,-5.0,7.0,-37.0,-10.0,3.0,-37.0,-14.0,7.0
472.045,2.22,430.814,3.814,-42.0,-12.0,5.0,-47.0,-7.0,6.0,-60.0,-42.0,6.0,-45.0,-26.0,7.0
441.585,1.651,390.846,2.308,-27.0,-11.0,2.0,-47.0,-28.0,11.0,-32.0,-14.0,-16.0,-41.0,-32.0,12.0
435.436,6.434,485.835,5.695,-24.0,-3.0,22.0,-47.0,-28.0,11.0,-30.0,-8.0,2.0,-38.0,-30.0,11.0
397.176,6.035,619.513,9.358,-25.0,-5.0,34.0,-45.0,-26.0,10.0,-28.0,-8.0,-14.0,-41.0,-30.0,12.0
412.719,5.01,681.007,9.208,-32.0,-5.0,10.0,-50.0,-28.0,12.0,-21.0,-2.0,-4.0,-38.0,-29.0,11.0
379.811,6.718,679.577,11.165,-31.0,-4.0,27.0,-46.0,-24.0,11.0,-22.0,0.0,-17.0,-38.0,-28.0,11.0
322.99,4.156,699.373,8.756,-33.0,-5.0,47.0,-43.0,-7.0,7.0,-45.0,-13.0,6.0,-40.0,-11.0,7.0
266.682,2.505,621.846,5.921,-38.0,-7.0,57.0,-43.0,-7.0,5.0,-49.0,-25.0,28.0,-37.0,-15.0,6.0
266.055,2.22,544.771,4.341,-25.0,-8.0,27.0,-47.0,-28.0,11.0,-35.0,-11.0,-15.0,-44.0,-31.0,12.0
308.528,5.58,638.631,8.28,-24.0,0.0,30.0,-47.0,-28.0,11.0,-25.0,18.0,-4.0,-39.0,-32.0,11.0
320.883,4.213,632.785,10.789,-26.0,-2.0,21.0,-45.0,-25.0,10.0,-71.0,-80.0,28.0,-64.0,-81.0,27.0
347.016,5.067,569.108,6.9,-33.0,-7.0,-6.0,-49.0,-27.0,12.0,-32.0,-2.0,-9.0,-43.0,-33.0,13.0
337.223,3.131,603.43,10.513,-32.0,-3.0,5.0,-46.0,-23.0,11.0,-35.0,-1.0,-12.0,-43.0,-31.0,13.0
308.187,4.839,641.566,13.699,-35.0,-4.0,7.0,-47.0,-7.0,8.0,-40.0,-9.0,10.0,-39.0,-9.0,7.0
275.563,2.448,548.308,7.602,-48.0,-15.0,-16.0,-51.0,-11.0,7.0,-45.0,-23.0,46.0,-33.0,-14.0,5.0
245.274,2.505,522.265,3.588,-29.0,-10.0,-7.0,-48.0,-27.0,11.0,-34.0,-11.0,-16.0,-42.0,-29.0,12.0
263.265,4.896,480.516,8.957,-26.0,-2.0,12.0,-48.0,-27.0,11.0,-34.0,-8.0,-3.0,-41.0,-29.0,12.0
321.965,4.669,498.857,15.129,-24.0,-2.0,43.0,-44.0,-24.0,9.0,-33.0,-8.0,-1.0,-40.0,-29.0,12.0
338.305,4.156,601.523,15.982,-33.0,-8.0,-16.0,-50.0,-26.0,12.0,-34.0,-7.0,-8.0,-41.0,-29.0,12.0
346.162,2.961,563.613,15.706,-27.0,0.0,7.0,-44.0,-22.0,10.0,-35.0,-2.0,-19.0,-41.0,-27.0,12.0
307.504,2.733,607.495,14.401,-32.0,-4.0,-9.0,-46.0,-6.0,7.0,-40.0,-9.0,-7.0,-39.0,-9.0,7.0
294.978,1.196,448.0,8.28,-35.0,-7.0,18.0,-44.0,-6.0,5.0,-56.0,-36.0,-17.0,-43.0,-16.0,7.0
223.81,3.074,376.394,3.914,-20.0,-6.0,16.0,-46.0,-26.0,10.0,-34.0,-12.0,-24.0,-43.0,-28.0,11.0
279.947,5.124,821.258,13.548,-19.0,3.0,16.0,-47.0,-26.0,10.0,-33.0,-9.0,-7.0,-41.0,-28.0,12.0
255.408,4.213,385.276,16.91,-19.0,0.0,17.0,-45.0,-22.0,9.0,-30.0,-8.0,-9.0,-41.0,-27.0,11.0
327.26,4.27,418.746,14.552,-26.0,-3.0,-13.0,-48.0,-25.0,11.0,-31.0,-6.0,-15.0,-41.0,-27.0,11.0
254.554,4.726,434.151,14.527,-22.0,1.0,2.0,-43.0,-21.0,9.0,-32.0,-3.0,-24.0,-41.0,-25.0,11.0
318.492,3.359,380.785,15.029,-28.0,-2.0,2.0,-44.0,-4.0,7.0,-25.0,-6.0,-11.0,-32.0,-4.0,5.0
260.077,1.309,288.079,7.1,-33.0,-7.0,12.0,-45.0,-3.0,5.0,-55.0,-35.0,-22.0,-42.0,-14.0,7.0
230.528,1.537,143.914,3.036,-24.0,-10.0,-19.0,-48.0,-26.0,11.0,-19.0,-7.0,-22.0,-38.0,-25.0,10.0
280.346,3.53,228.642,11.265,-20.0,0.0,0.0,-46.0,-25.0,10.0,-22.0,-4.0,-14.0,-37.0,-25.0,11.0
319.346,3.758,346.814,15.28,-21.0,-1.0,2.0,-45.0,-22.0,9.0,-21.0,-5.0,-21.0,-39.0,-25.0,11.0
336.313,3.473,372.907,15.556,-28.0,-4.0,-24.0,-49.0,-24.0,11.0,-22.0,-2.0,-16.0,-37.0,-25.0,10.0
372.124,3.359,332.086,13.323,-26.0,2.0,-7.0,-44.0,-20.0,10.0,-22.0,2.0,-20.0,-36.0,-23.0,10.0
387.041,2.22,311.789,12.595,-34.0,-4.0,-8.0,-46.0,-2.0,7.0,-24.0,-4.0,7.0,-29.0,-3.0,5.0
402.357,1.423,230.222,5.72,-41.0,-12.0,-11.0,-47.0,-5.0,5.0,2.0,113.0,6.0,-25.0,3.0,3.0
350.831,0.968,110.921,2.308,-26.0,-11.0,-22.0,-47.0,-26.0,10.0,-25.0,-14.0,-21.0,-39.0,-25.0,10.0
372.011,4.042,208.495,10.312,-22.0,-1.0,5.0,-47.0,-24.0,10.0,-25.0,-8.0,-16.0,-39.0,-24.0,11.0
497.836,3.758,305.24,14.251,-26.0,-6.0,-9.0,-47.0,-22.0,10.0,-23.0,-7.0,-18.0,-39.0,-24.0,10.0
504.099,3.473,344.982,11.792,-29.0,-5.0,-12.0,-48.0,-24.0,11.0,-22.0,-2.0,-11.0,-35.0,-24.0,10.0
518.332,3.644,328.799,13.649,-32.0,-7.0,-18.0,-46.0,-21.0,10.0,-24.0,0.0,-18.0,-35.0,-23.0,10.0
563.14,3.018,288.505,12.595,-34.0,-5.0,-17.0,-46.0,-4.0,8.0,-26.0,-6.0,-5.0,-29.0,-3.0,5.0
481.496,1.651,225.204,4.717,-37.0,-7.0,4.0,-45.0,-4.0,6.0,3.0,120.0,-9.0,-26.0,2.0,4.0
378.615,1.936,122.839,2.409,8.0,15.0,-7.0,-44.0,-25.0,9.0,-20.0,-9.0,-14.0,-36.0,-24.0,9.0
637.041,4.896,172.466,8.756,-48.0,-5.0,-3.0,-52.0,-29.0,13.0,-19.0,-1.0,-8.0,-34.0,-24.0,10.0
727.965,4.441,312.491,15.179,-49.0,-7.0,13.0,-56.0,-36.0,14.0,-17.0,1.0,-6.0,-33.0,-24.0,9.0
680.311,4.27,299.896,10.814,-52.0,-7.0,-10.0,-59.0,-39.0,16.0,-15.0,6.0,-4.0,-31.0,-24.0,9.0
696.765,4.783,276.237,10.688,-50.0,-5.0,11.0,-55.0,-37.0,14.0,-18.0,5.0,-10.0,-30.0,-22.0,9.0
742.427,3.074,282.158,12.118,-59.0,-9.0,-7.0,-53.0,-13.0,10.0,-22.0,-2.0,-3.0,-22.0,-2.0,5.0
636.13,1.822,215.52,3.588,-58.0,-10.0,17.0,-51.0,-10.0,7.0,15.0,160.0,-5.0,-20.0,8.0,4.0
559.098,1.594,116.24,1.932,-44.0,1.0,-22.0,-62.0,-51.0,16.0,-4.0,10.0,-7.0,-30.0,-27.0,8.0
592.803,6.491,180.444,7.753,-36.0,22.0,18.0,-60.0,-51.0,16.0,-4.0,21.0,-12.0,-31.0,-30.0,9.0
655.146,5.921,310.057,11.842,-40.0,20.0,-19.0,-60.0,-50.0,16.0,5.0,37.0,2.0,-29.0,-38.0,10.0
654.861,5.067,329.05,12.47,-43.0,18.0,-13.0,-62.0,-60.0,18.0,-51.0,-25.0,-23.0,-59.0,-74.0,18.0
561.147,5.58,227.839,6.022,-82.0,-75.0,7.0,-75.0,-83.0,22.0,-88.0,-88.0,-12.0,-76.0,-86.0,25.0
516.966,2.619,122.387,1.731,-83.0,-63.0,-28.0,-66.0,-40.0,10.0,-83.0,-86.0,7.0,-62.0,-56.0,10.0
422.17,1.594,96.394,1.43,-72.0,-33.0,-59.0,-63.0,-20.0,8.0,-56.0,-37.0,12.0,-40.0,-19.0,5.0
428.148,2.562,80.563,0.728,-41.0,1.0,34.0,-62.0,-62.0,18.0,-28.0,-10.0,-3.0,-45.0,-42.0,14.0
535.754,9.679,191.283,7.703,-43.0,6.0,20.0,-64.0,-62.0,19.0,-27.0,0.0,7.0,-44.0,-40.0,14.0
551.81,6.377,320.645,14.176,-41.0,13.0,15.0,-61.0,-59.0,17.0,-18.0,24.0,7.0,-40.0,-40.0,12.0
467.148,6.149,337.806,13.423,-45.0,13.0,7.0,-63.0,-66.0,18.0,-39.0,15.0,2.0,-52.0,-58.0,17.0
489.808,5.523,273.376,10.086,-79.0,-77.0,5.0,-75.0,-83.0,24.0,-85.0,-89.0,-8.0,-76.0,-87.0,27.0
421.43,2.05,175.778,2.559,-65.0,-17.0,0.0,-59.0,-22.0,12.0,-48.0,-21.0,8.0,-50.0,-29.0,10.0
373.662,2.676,145.068,1.53,-62.0,-19.0,3.0,-56.0,-12.0,8.0,-58.0,-42.0,-5.0,-43.0,-14.0,8.0
361.022,3.587,110.018,1.054,-52.0,-12.0,-23.0,-62.0,-41.0,16.0,-28.0,-5.0,-8.0,-42.0,-31.0,12.0
406.399,10.647,190.581,8.556,-52.0,-8.0,-8.0,-61.0,-41.0,16.0,-26.0,13.0,-17.0,-42.0,-32.0,11.0
548.565,7.8,356.774,13.875,-53.0,-9.0,-2.0,-58.0,-37.0,15.0,-75.0,-82.0,21.0,-67.0,-81.0,28.0
463.618,4.839,304.061,4.667,-58.0,-15.0,-32.0,-62.0,-39.0,17.0,-28.0,-1.0,-6.0,-41.0,-29.0,11.0
418.128,4.953,219.86,8.355,-55.0,-9.0,0.0,-57.0,-35.0,15.0,-31.0,-2.0,-9.0,-42.0,-27.0,11.0
376.451,7.743,269.563,10.964,-59.0,-9.0,19.0,-52.0,-12.0,10.0,-38.0,-9.0,-3.0,-41.0,-8.0,7.0
308.415,3.074,229.143,4.466,-60.0,-14.0,23.0,-52.0,-9.0,7.0,-54.0,-30.0,7.0,-40.0,-7.0,6.0
278.524,2.847,122.011,1.882,-51.0,-13.0,-14.0,-59.0,-38.0,15.0,-26.0,-7.0,-8.0,-39.0,-25.0,9.0
347.301,8.654,135.333,8.254,-50.0,-7.0,8.0,-58.0,-38.0,15.0,-31.0,-9.0,-4.0,-41.0,-25.0,10.0
369.164,6.946,228.968,12.068,-53.0,-11.0,7.0,-56.0,-35.0,13.0,-32.0,-11.0,6.0,-40.0,-26.0,9.0
343.372,5.067,237.272,9.584,-56.0,-13.0,-11.0,-60.0,-38.0,15.0,-33.0,-9.0,4.0,-40.0,-27.0,9.0
300.159,5.352,199.663,9.735,-56.0,-12.0,-7.0,-57.0,-36.0,14.0,-37.0,-10.0,-12.0,-43.0,-27.0,9.0
318.72,5.523,182.953,9.258,-63.0,-14.0,-8.0,-57.0,-15.0,10.0,-45.0,-17.0,-1.0,-44.0,-12.0,6.0
271.521,2.334,149.785,3.563,-63.0,-20.0,4.0,-55.0,-13.0,7.0,-61.0,-41.0,1.0,-44.0,-10.0,5.0
243.965,2.847,83.599,1.305,-52.0,-16.0,-7.0,-58.0,-39.0,14.0,-37.0,-17.0,-26.0,-44.0,-27.0,10.0
315.304,6.035,122.688,7.301,-55.0,-17.0,-23.0,-60.0,-39.0,15.0,-38.0,-14.0,-17.0,-43.0,-26.0,11.0
330.221,4.896,174.197,11.115,-52.0,-10.0,0.0,-56.0,-36.0,13.0,-33.0,-10.0,-16.0,-41.0,-25.0,10.0
327.317,5.067,175.828,10.538,-56.0,-13.0,-13.0,-59.0,-38.0,15.0,-32.0,-5.0,-9.0,-39.0,-23.0,8.0
309.155,4.839,167.925,8.706,-53.0,-7.0,14.0,-54.0,-34.0,14.0,-35.0,-7.0,-15.0,-39.0,-22.0,9.0
278.467,5.01,161.351,8.656,-60.0,-10.0,6.0,-56.0,-14.0,11.0,-41.0,-13.0,-19.0,-41.0,-7.0,6.0
230.357,1.708,114.559,2.76,-59.0,-15.0,42.0,-52.0,-13.0,7.0,-59.0,-38.0,-23.0,-45.0,-8.0,6.0
223.297,2.22,67.09,0.953,-50.0,-13.0,14.0,-57.0,-38.0,14.0,-35.0,-15.0,-24.0,-42.0,-24.0,9.0
269.585,4.896,115.487,6.624,-51.0,-8.0,15.0,-58.0,-38.0,15.0,-36.0,-13.0,-17.0,-42.0,-24.0,10.0
267.536,3.872,170.358,9.76,-54.0,-13.0,-9.0,-58.0,-35.0,14.0,-34.0,-13.0,-15.0,-41.0,-24.0,10.0
248.519,4.726,179.466,9.76,-58.0,-16.0,-33.0,-61.0,-38.0,16.0,-34.0,-9.0,-14.0,-40.0,-23.0,9.0
239.011,3.188,154.176,8.455,-55.0,-10.0,-11.0,-57.0,-34.0,15.0,-35.0,-6.0,-19.0,-38.0,-21.0,9.0
211.0,4.953,147.125,7.577,-59.0,-9.0,-4.0,-57.0,-12.0,11.0,-42.0,-14.0,-6.0,-39.0,-7.0,6.0
181.507,2.22,118.197,2.459,-56.0,-13.0,53.0,-49.0,-10.0,6.0,-30.0,72.0,20.0,-33.0,4.0,4.0
203.712,1.537,62.824,1.054,-51.0,-15.0,-11.0,-58.0,-39.0,14.0,-26.0,-14.0,-20.0,-38.0,-23.0,9.0
229.332,4.726,108.538,6.373,-53.0,-10.0,-13.0,-59.0,-38.0,15.0,-27.0,-9.0,-16.0,-38.0,-23.0,9.0
239.524,3.473,170.634,10.563,-55.0,-15.0,-21.0,-58.0,-35.0,14.0,-27.0,-10.0,-20.0,-37.0,-23.0,9.0
246.698,3.701,162.957,11.215,-51.0,-5.0,15.0,-57.0,-36.0,14.0,-28.0,-8.0,-20.0,-38.0,-23.0,9.0
232.578,3.416,151.867,9.233,-50.0,0.0,7.0,-55.0,-32.0,14.0,-28.0,-1.0,-19.0,-36.0,-21.0,8.0
224.379,3.473,149.685,7.075,-58.0,-2.0,-16.0,-56.0,-9.0,10.0,-32.0,-10.0,-10.0,-35.0,-6.0,5.0
126.452,2.733,118.548,2.333,-74.0,-36.0,10.0,-67.0,-31.0,11.0,-63.0,-43.0,-38.0,-47.0,-11.0,7.0
99.863,1.423,60.993,1.129,-60.0,-26.0,-7.0,-67.0,-55.0,20.0,-36.0,-17.0,-28.0,-34.0,-25.0,10.0
182.02,4.726,100.333,5.72,-53.0,-7.0,26.0,-59.0,-46.0,17.0,-29.0,-6.0,-17.0,-35.0,-24.0,10.0
251.309,4.498,174.624,9.057,-52.0,-7.0,22.0,-55.0,-37.0,15.0,-25.0,-3.0,-18.0,-35.0,-23.0,9.0
247.893,4.099,175.953,11.441,-52.0,-6.0,35.0,-55.0,-38.0,16.0,-24.0,-3.0,-20.0,-34.0,-22.0,9.0
239.125,3.701,160.022,6.197,-51.0,-5.0,56.0,-51.0,-35.0,14.0,-29.0,-3.0,-24.0,-37.0,-22.0,9.0
196.424,3.758,165.215,7.151,-54.0,-4.0,110.0,-47.0,-12.0,9.0,-28.0,-3.0,-4.0,-33.0,-8.0,5.0
160.214,1.309,133.828,2.459,-52.0,-11.0,120.0,-43.0,-7.0,6.0,-43.0,-25.0,12.0,-34.0,-6.0,5.0
153.951,1.537,63.778,0.627,-56.0,-22.0,-34.0,-61.0,-48.0,18.0,-26.0,-8.0,-17.0,-37.0,-23.0,8.0
192.04,4.896,129.864,4.918,-46.0,2.0,8.0,-55.0,-38.0,14.0,-28.0,-5.0,-12.0,-36.0,-23.0,9.0
257.686,5.01,218.254,7.025,-47.0,-2.0,12.0,-53.0,-34.0,13.0,-32.0,-10.0,-22.0,-37.0,-22.0,9.0
269.414,4.099,227.663,6.875,-51.0,-6.0,-10.0,-56.0,-36.0,15.0,-27.0,-2.0,-9.0,-34.0,-22.0,8.0
260.248,2.79,220.086,6.047,-47.0,0.0,29.0,-51.0,-33.0,13.0,-29.0,0.0,-18.0,-35.0,-21.0,8.0
266.112,3.53,213.487,6.373,-49.0,-2.0,71.0,-42.0,-7.0,8.0,-28.0,-3.0,20.0,-27.0,-4.0,3.0
236.962,0.968,176.631,2.358,-39.0,-3.0,134.0,-31.0,-3.0,3.0,-38.0,-9.0,51.0,-23.0,-3.0,2.0
216.693,1.822,97.624,0.427,-38.0,-2.0,64.0,-51.0,-40.0,12.0,-22.0,-3.0,4.0,-32.0,-21.0,7.0
248.633,5.352,158.165,6.222,-36.0,6.0,88.0,-51.0,-39.0,12.0,-24.0,-3.0,9.0,-33.0,-21.0,7.0
285.47,3.587,304.763,9.333,-35.0,2.0,120.0,-45.0,-36.0,10.0,-20.0,-1.0,26.0,-29.0,-20.0,7.0
291.163,1.822,304.663,7.176,-42.0,2.0,57.0,-52.0,-38.0,13.0,-18.0,3.0,41.0,-27.0,-20.0,6.0
281.2,3.701,289.434,6.498,-43.0,1.0,61.0,-49.0,-35.0,12.0,-23.0,4.0,-2.0,-31.0,-19.0,7.0
265.941,2.277,303.509,7.602,-49.0,-1.0,51.0,-44.0,-4.0,8.0,-24.0,-1.0,13.0,-27.0,-2.0,3.0
214.302,1.139,253.43,2.835,-45.0,-3.0,79.0,-38.0,-1.0,4.0,-43.0,-12.0,12.0,-29.0,-3.0,3.0
226.827,1.196,120.079,0.602,-41.0,-5.0,28.0,-51.0,-33.0,12.0,-23.0,-3.0,-11.0,-34.0,-20.0,7.0
284.559,3.701,199.111,5.394,-38.0,3.0,71.0,-49.0,-32.0,12.0,-22.0,-1.0,15.0,-32.0,-20.0,7.0
234.457,2.733,393.857,8.832,-35.0,1.0,42.0,-47.0,-29.0,10.0,-20.0,0.0,21.0,-30.0,-20.0,6.0
265.884,1.879,382.692,7.251,-43.0,-3.0,-6.0,-53.0,-32.0,13.0,-24.0,1.0,-8.0,-33.0,-20.0,7.0
303.86,1.822,397.194,6.599,-40.0,2.0,34.0,-47.0,-27.0,11.0,-26.0,3.0,-14.0,-33.0,-19.0,7.0
257.857,2.334,372.706,6.197,-45.0,1.0,35.0,-45.0,-1.0,8.0,-25.0,0.0,10.0,-29.0,-2.0,3.0
218.287,1.708,340.441,3.161,-50.0,-4.0,41.0,-44.0,-1.0,5.0,-48.0,-20.0,-16.0,-36.0,-5.0,4.0
244.648,1.594,154.778,0.803,-36.0,-3.0,20.0,-49.0,-32.0,11.0,-15.0,12.0,-9.0,-31.0,-20.0,6.0
300.273,3.188,249.717,7.075,-38.0,1.0,18.0,-50.0,-32.0,12.0,-24.0,-1.0,-2.0,-34.0,-21.0,8.0
303.063,1.765,433.473,9.986,-40.0,-1.0,8.0,-49.0,-29.0,11.0,-19.0,4.0,4.0,-31.0,-20.0,7.0
343.145,2.847,529.667,9.434,-47.0,-8.0,-17.0,-52.0,-32.0,14.0,-25.0,0.0,-21.0,-35.0,-21.0,8.0
364.381,1.48,473.516,8.806,-45.0,-2.0,-4.0,-49.0,-27.0,12.0,-24.0,4.0,-14.0,-33.0,-20.0,8.0
340.127,1.253,528.462,8.631,-51.0,-4.0,-20.0,-52.0,-3.0,10.0,-26.0,-1.0,0.0,-29.0,-3.0,4.0
311.375,1.309,433.348,2.76,-52.0,-4.0,26.0,-45.0,0.0,6.0,-48.0,-17.0,-9.0,-34.0,-5.0,5.0
279.264,1.025,273.351,0.703,-38.0,-5.0,9.0,-49.0,-32.0,12.0,-23.0,-1.0,-6.0,-34.0,-21.0,7.0
337.451,1.822,361.14,9.333,-36.0,0.0,10.0,-50.0,-32.0,12.0,-25.0,-1.0,-4.0,-35.0,-21.0,8.0
349.009,2.619,628.57,11.391,-25.0,8.0,30.0,-42.0,-28.0,10.0,-23.0,1.0,-8.0,-34.0,-20.0,8.0
419.892,1.879,684.294,8.932,-42.0,-3.0,4.0,-51.0,-30.0,13.0,-20.0,5.0,-6.0,-33.0,-20.0,8.0
432.646,2.619,652.229,10.513,-38.0,2.0,50.0,-45.0,-26.0,11.0,-22.0,6.0,-16.0,-33.0,-19.0,8.0
396.663,0.911,663.771,8.832,-43.0,1.0,47.0,-43.0,1.0,7.0,-38.0,-4.0,-6.0,-37.0,-4.0,6.0
356.467,0.854,548.208,3.538,-48.0,-3.0,37.0,-45.0,1.0,5.0,-58.0,-29.0,-31.0,-43.0,-8.0,7.0
316.727,0.854,365.781,1.631,-34.0,-1.0,31.0,-48.0,-31.0,11.0,-29.0,-3.0,-6.0,-38.0,-23.0,9.0
431.735,2.79,420.0,9.935,-32.0,6.0,51.0,-48.0,-31.0,11.0,-32.0,-4.0,-3.0,-39.0,-24.0,10.0
438.852,1.822,772.81,14.527,-31.0,4.0,73.0,-43.0,-27.0,10.0,-27.0,0.0,-1.0,-37.0,-24.0,9.0
430.767,1.48,856.81,13.047,-37.0,3.0,34.0,-48.0,-30.0,12.0,-21.0,7.0,21.0,-34.0,-24.0,8.0
500.91,1.366,881.774,11.165,-36.0,4.0,51.0,-44.0,-26.0,11.0,-21.0,9.0,23.0,-33.0,-23.0,8.0
423.707,1.651,796.821,11.24,-44.0,0.0,22.0,-46.0,-1.0,8.0,-43.0,-8.0,18.0,-35.0,-5.0,6.0
382.486,0.854,734.272,3.287,-49.0,-7.0,31.0,-45.0,-1.0,6.0,-31.0,101.0,18.0,-33.0,5.0,4.0
332.042,0.569,425.846,1.204,-28.0,0.0,85.0,-44.0,-30.0,10.0,-35.0,-7.0,-10.0,-41.0,-27.0,11.0
434.582,1.936,523.419,11.541,-23.0,8.0,153.0,-41.0,-30.0,10.0,-29.0,4.0,46.0,-36.0,-28.0,10.0
446.367,1.651,825.222,16.384,-23.0,8.0,152.0,-36.0,-27.0,8.0,-29.0,13.0,87.0,-28.0,-27.0,7.0
413.174,1.196,884.484,15.556,-32.0,9.0,62.0,-44.0,-29.0,10.0,-29.0,23.0,40.0,-31.0,-30.0,8.0
434.297,0.911,766.262,12.545,-34.0,11.0,67.0,-48.0,-39.0,12.0,-34.0,27.0,16.0,-40.0,-40.0,13.0
388.408,1.765,704.34,14.351,-38.0,12.0,74.0,-40.0,-1.0,6.0,-63.0,-29.0,-13.0,-50.0,-36.0,11.0
302.892,0.911,576.007,5.118,-59.0,-37.0,74.0,-43.0,0.0,4.0,-76.0,-47.0,15.0,-53.0,-13.0,3.0
315.474,0.399,248.914,1.606,-52.0,-34.0,11.0,-67.0,-81.0,22.0,-80.0,-83.0,14.0,-68.0,-85.0,22.0
362.047,1.139,206.889,1.505,-40.0,-1.0,7.0,-49.0,-31.0,12.0,-44.0,-10.0,-3.0,-40.0,-34.0,11.0
443.691,1.309,374.036,16.007,-41.0,-1.0,5.0,-47.0,-28.0,12.0,-42.0,-7.0,-11.0,-41.0,-29.0,11.0
434.695,1.082,699.749,23.986,-39.0,3.0,26.0,-48.0,-28.0,12.0,-39.0,-2.0,-7.0,-40.0,-27.0,11.0
437.485,2.277,715.029,19.269,-37.0,4.0,52.0,-43.0,-24.0,10.0,-32.0,6.0,17.0,-36.0,-24.0,9.0
468.059,1.309,624.53,18.792,-47.0,-2.0,2.0,-48.0,-3.0,9.0,-35.0,0.0,57.0,-27.0,-4.0,3.0
380.038,0.968,545.272,6.147,-46.0,-3.0,38.0,-43.0,-1.0,6.0,-25.0,10.0,116.0,-15.0,-2.0,2.0
380.608,1.139,301.477,1.505,-33.0,-2.0,33.0,-46.0,-29.0,11.0,-30.0,0.0,9.0,-36.0,-25.0,9.0
306.82,1.765,331.258,16.183,-30.0,7.0,71.0,-46.0,-29.0,11.0,-34.0,1.0,0.0,-39.0,-26.0,10.0
497.722,1.48,533.556,20.172,-33.0,4.0,57.0,-43.0,-26.0,10.0,-35.0,-1.0,-13.0,-39.0,-26.0,10.0
506.775,0.74,530.043,17.111,-36.0,4.0,44.0,-46.0,-27.0,11.0,-35.0,0.0,-22.0,-39.0,-25.0,11.0
471.874,0.683,447.749,14.953,-34.0,5.0,85.0,-41.0,-24.0,9.0,-36.0,3.0,-22.0,-39.0,-23.0,10.0
484.399,1.765,396.065,15.48,-38.0,2.0,93.0,-36.0,0.0,6.0,-38.0,0.0,12.0,-34.0,-4.0,5.0
405.203,0.683,304.864,5.194,-37.0,0.0,115.0,-31.0,2.0,3.0,-39.0,-5.0,53.0,-26.0,-2.0,4.0
388.522,1.253,183.204,2.534,-30.0,2.0,67.0,-44.0,-29.0,10.0,-26.0,2.0,41.0,-31.0,-21.0,7.0
482.521,1.537,231.928,15.079,-24.0,12.0,123.0,-41.0,-27.0,10.0,-25.0,6.0,56.0,-28.0,-21.0,7.0
547.255,1.025,349.297,18.541,-29.0,8.0,79.0,-41.0,-25.0,9.0,-23.0,7.0,56.0,-28.0,-20.0,6.0
524.367,1.082,320.219,17.437,-33.0,7.0,59.0,-45.0,-26.0,11.0,-26.0,8.0,17.0,-32.0,-20.0,7.0
459.007,0.797,272.624,13.523,-31.0,8.0,104.0,-39.0,-23.0,8.0,-29.0,9.0,7.0,-32.0,-18.0,7.0
456.274,1.253,238.602,12.921,-37.0,6.0,101.0,-34.0,1.0,5.0,-32.0,1.0,51.0,-25.0,1.0,2.0
352.994,0.626,181.247,4.842,-36.0,4.0,105.0,-34.0,1.0,4.0,-18.0,115.0,37.0,-23.0,10.0,2.0
304.144,0.74,86.986,0.552,-12.0,20.0,149.0,-43.0,-44.0,10.0,-25.0,0.0,18.0,-31.0,-18.0,6.0
492.427,1.765,143.287,11.541,-19.0,4.0,296.0,-48.0,-76.0,17.0,-22.0,7.0,51.0,-27.0,-18.0,6.0
414.313,0.626,223.122,15.957,-11.0,8.0,124.0,-38.0,-31.0,8.0,-18.0,12.0,69.0,-24.0,-18.0,5.0
441.698,1.139,211.405,13.548,-29.0,2.0,20.0,-49.0,-33.0,12.0,-17.0,25.0,51.0,-23.0,-18.0,5.0
327.886,1.366,170.333,10.763,-24.0,7.0,70.0,-41.0,-29.0,9.0,-9.0,49.0,53.0,-19.0,-21.0,2.0
313.596,1.196,162.455,10.588,-23.0,7.0,95.0,-31.0,1.0,4.0,-67.0,-72.0,81.0,-37.0,-39.0,5.0
523.058,0.171,115.814,3.613,-25.0,3.0,92.0,-33.0,3.0,3.0,-51.0,-7.0,-4.0,-44.0,-15.0,4.0
440.389,0.968,63.301,0.928,-6.0,8.0,119.0,-44.0,-40.0,9.0,-60.0,-74.0,86.0,-57.0,-82.0,20.0
414.085,1.822,57.606,0.703,-20.0,2.0,58.0,-50.0,-41.0,12.0,0.0,28.0,55.0,-20.0,-25.0,5.0
386.7,1.366,97.824,8.756,-12.0,11.0,94.0,-47.0,-43.0,11.0,-8.0,15.0,23.0,-22.0,-18.0,4.0
426.155,1.366,161.251,12.821,-16.0,9.0,87.0,-45.0,-39.0,11.0,-7.0,18.0,40.0,-20.0,-16.0,4.0
421.43,1.196,151.717,11.341,-17.0,10.0,116.0,-40.0,-34.0,8.0,-12.0,17.0,13.0,-24.0,-15.0,5.0
373.662,1.651,119.703,10.563,-28.0,10.0,48.0,-38.0,0.0,5.0,-14.0,11.0,56.0,-14.0,6.0,0.0
333.523,0.228,96.746,3.663,-24.0,1.0,101.0,-24.0,19.0,0.0,-7.0,39.0,174.0,1.0,9.0,-3.0
314.336,0.968,50.957,0.552,-13.0,4.0,99.0,-40.0,-33.0,9.0,-1.0,13.0,105.0,-16.0,-16.0,2.0
362.161,2.448,77.703,7.577,-11.0,12.0,103.0,-41.0,-32.0,10.0,-1.0,19.0,132.0,-14.0,-15.0,2.0
342.575,0.911,104.348,8.606,-4.0,19.0,175.0,-32.0,-29.0,5.0,-1.0,20.0,101.0,-14.0,-16.0,2.0
313.994,0.797,85.882,8.581,-14.0,-8.0,237.0,-48.0,-77.0,17.0,-2.0,21.0,73.0,-15.0,-15.0,3.0
253.416,0.569,81.591,7.276,-9.0,15.0,160.0,-41.0,-52.0,12.0,-7.0,21.0,46.0,-18.0,-15.0,3.0
252.846,0.74,72.685,7.477,-26.0,4.0,87.0,-33.0,-3.0,5.0,-5.0,12.0,109.0,-3.0,5.0,-3.0
161.068,0.74,54.394,1.38,-27.0,4.0,61.0,-32.0,6.0,3.0,-16.0,13.0,66.0,-10.0,8.0,0.0
303.803,0.399,27.875,0.276,-17.0,6.0,56.0,-40.0,-28.0,9.0,-3.0,12.0,51.0,-16.0,-13.0,2.0
259.849,0.968,43.505,6.147,-11.0,15.0,106.0,-38.0,-26.0,9.0,-7.0,14.0,39.0,-17.0,-13.0,4.0
264.803,0.854,58.634,8.28,-17.0,7.0,68.0,-37.0,-24.0,8.0,-3.0,16.0,57.0,-15.0,-12.0,2.0
237.303,1.025,52.437,6.272,-13.0,13.0,76.0,-39.0,-25.0,8.0,0.0,21.0,86.0,-15.0,-11.0,2.0
180.596,0.683,42.151,4.792,-19.0,13.0,76.0,-36.0,-22.0,7.0,-3.0,21.0,79.0,-11.0,-10.0,1.0
194.83,1.082,38.011,4.792,-25.0,13.0,44.0,-37.0,3.0,5.0,-10.0,11.0,56.0,-11.0,7.0,0.0
153.723,0.399,26.996,1.154,-25.0,-13.0,109.0,-29.0,4.0,3.0,-10.0,11.0,95.0,-7.0,10.0,-1.0
140.173,0.569,14.025,0.427,-10.0,-8.0,71.0,-57.0,-79.0,19.0,3.0,18.0,91.0,-10.0,-12.0,1.0
157.937,0.74,25.24,3.789,-11.0,19.0,57.0,-40.0,-26.0,8.0,-2.0,21.0,41.0,-16.0,-13.0,4.0
189.934,0.569,31.688,5.244,-13.0,14.0,55.0,-37.0,-22.0,8.0,7.0,30.0,84.0,-8.0,-12.0,0.0
219.881,0.911,30.158,3.387,-17.0,12.0,46.0,-40.0,-23.0,9.0,3.0,20.0,86.0,-10.0,-12.0,2.0
192.894,0.854,23.659,2.935,-8.0,13.0,138.0,-29.0,-18.0,5.0,2.0,22.0,68.0,-10.0,-9.0,1.0
154.805,0.455,19.47,3.136,-12.0,11.0,144.0,-20.0,10.0,2.0,-2.0,12.0,78.0,-5.0,12.0,-1.0
116.431,0.342,14.527,1.405,5.0,16.0,187.0,-11.0,17.0,-1.0,8.0,23.0,106.0,0.0,16.0,-2.0
132.088,0.114,8.355,0.176,4.0,13.0,149.0,-33.0,-24.0,6.0,13.0,23.0,93.0,-6.0,-9.0,-1.0
143.532,0.512,14.677,2.785,6.0,22.0,198.0,-32.0,-24.0,6.0,24.0,32.0,131.0,-1.0,-10.0,0.0
155.716,0.683,16.534,3.211,2.0,17.0,205.0,-28.0,-22.0,5.0,27.0,57.0,139.0,5.0,-12.0,-5.0
136.472,0.797,14.176,2.283,-9.0,15.0,109.0,-37.0,-23.0,8.0,-26.0,-59.0,336.0,-30.0,-81.0,13.0
121.1,0.455,8.004,0.652,-10.0,13.0,141.0,-31.0,-18.0,5.0,14.0,28.0,187.0,-18.0,-46.0,6.0
88.078,0.512,10.362,0.953,-13.0,9.0,91.0,-27.0,8.0,3.0,-2.0,9.0,181.0,-4.0,1.0,-4.0
78.854,0.228,7.828,0.326,1.0,10.0,149.0,-16.0,16.0,0.0,27.0,43.0,192.0,21.0,17.0,-8.0
81.075,0.171,4.817,0.201,4.0,14.0,138.0,-34.0,-23.0,6.0,10.0,24.0,107.0,-4.0,-6.0,-1.0
98.212,0.854,10.061,2.384,7.0,21.0,173.0,-32.0,-22.0,6.0,8.0,25.0,122.0,-5.0,-5.0,0.0
89.33,0.285,14.05,2.71,4.0,17.0,166.0,-29.0,-20.0,4.0,13.0,27.0,118.0,-3.0,-4.0,-1.0
78.854,0.342,9.484,2.108,-1.0,16.0,134.0,-34.0,-21.0,6.0,15.0,29.0,123.0,-1.0,-3.0,-2.0
69.005,0.171,8.53,1.706,-5.0,13.0,156.0,-29.0,-18.0,3.0,10.0,27.0,104.0,-2.0,-1.0,-2.0
59.497,0.057,5.921,1.179,-10.0,8.0,142.0,-21.0,8.0,1.0,1.0,13.0,84.0,-2.0,12.0,-3.0
48.508,0.114,5.67,0.276,2.0,15.0,181.0,-13.0,15.0,-2.0,9.0,23.0,89.0,0.0,15.0,-2.0
59.326,0.228,3.487,0.025,2.0,14.0,157.0,-33.0,-24.0,5.0,10.0,21.0,101.0,-4.0,-3.0,-1.0
58.472,0.057,5.294,1.305,5.0,22.0,167.0,-33.0,-22.0,6.0,10.0,25.0,123.0,-4.0,-2.0,-1.0
61.205,0.228,6.072,1.556,1.0,15.0,197.0,-29.0,-21.0,4.0,15.0,26.0,131.0,-3.0,-4.0,-2.0
50.956,0.171,5.394,1.154,-10.0,13.0,114.0,-37.0,-23.0,6.0,14.0,27.0,144.0,-3.0,-5.0,-2.0
39.228,0.057,4.767,1.204,-11.0,7.0,116.0,-32.0,-20.0,5.0,8.0,25.0,131.0,-4.0,-5.0,-3.0
40.253,0.171,4.215,1.029,-10.0,11.0,114.0,-23.0,7.0,1.0,-2.0,13.0,160.0,3.0,8.0,-6.0
31.826,0.0,3.337,0.125,-3.0,8.0,105.0,-20.0,17.0,-1.0,15.0,36.0,160.0,9.0,13.0,-7.0
39.342,0.057,1.832,0.025,-10.0,6.0,54.0,-38.0,-26.0,7.0,10.0,21.0,111.0,-9.0,-8.0,-1.0
37.52,0.171,4.767,0.728,1.0,16.0,122.0,-36.0,-23.0,6.0,7.0,22.0,98.0,-10.0,-9.0,1.0
40.025,0.228,4.065,0.878,1.0,13.0,119.0,-32.0,-21.0,5.0,12.0,26.0,103.0,-7.0,-8.0,0.0
37.007,0.114,3.613,0.602,0.0,12.0,114.0,-34.0,-22.0,6.0,11.0,22.0,98.0,-9.0,-9.0,0.0
31.826,0.285,3.362,0.903,-4.0,9.0,119.0,-29.0,-19.0,4.0,14.0,25.0,110.0,-1.0,-7.0,-2.0
28.353,0.0,2.484,0.527,-4.0,6.0,122.0,-17.0,8.0,0.0,1.0,9.0,145.0,5.0,11.0,-5.0
31.713,0.057,1.731,0.125,-1.0,10.0,114.0,-16.0,15.0,-1.0,59.0,167.0,162.0,19.0,30.0,-8.0
31.314,0.0,1.28,0.0,2.0,11.0,101.0,-34.0,-25.0,6.0,10.0,15.0,139.0,-8.0,-15.0,-1.0
36.153,0.228,3.061,0.652,2.0,15.0,98.0,-36.0,-24.0,5.0,6.0,18.0,148.0,-11.0,-16.0,-1.0
47.199,0.0,2.534,0.401,-2.0,10.0,69.0,-34.0,-22.0,5.0,11.0,20.0,122.0,-10.0,-16.0,-1.0
53.575,0.171,2.459,0.577,0.0,11.0,80.0,-33.0,-23.0,6.0,12.0,23.0,125.0,-7.0,-17.0,1.0
64.051,0.399,2.434,0.527,2.0,10.0,137.0,-26.0,-20.0,3.0,5.0,20.0,98.0,-10.0,-15.0,0.0
69.289,0.057,2.71,0.452,-5.0,5.0,127.0,-13.0,8.0,0.0,1.0,12.0,129.0,4.0,6.0,-4.0
86.484,0.0,1.38,0.025,2.0,9.0,89.0,-15.0,13.0,0.0,25.0,36.0,165.0,15.0,13.0,-5.0
126.167,0.057,0.953,0.025,7.0,14.0,101.0,-33.0,-26.0,6.0,15.0,22.0,140.0,-7.0,-18.0,0.0
207.754,0.057,2.384,0.251,7.0,18.0,112.0,-33.0,-25.0,6.0,12.0,24.0,182.0,-7.0,-18.0,0.0
309.326,0.171,2.509,0.477,9.0,16.0,133.0,-28.0,-23.0,5.0,13.0,23.0,152.0,-8.0,-19.0,0.0
394.386,0.114,2.333,0.527,5.0,13.0,115.0,-31.0,-25.0,5.0,14.0,25.0,151.0,-7.0,-19.0,0.0
585.458,0.114,1.857,0.427,3.0,11.0,154.0,-26.0,-23.0,3.0,6.0,23.0,108.0,-9.0,-18.0,0.0
530.801,0.057,2.133,0.176,-7.0,6.0,121.0,-17.0,6.0,1.0,9.0,18.0,179.0,13.0,7.0,-7.0
480.585,0.0,1.656,0.025,6.0,12.0,125.0,-15.0,12.0,-1.0,32.0,49.0,192.0,20.0,13.0,-7.0
445.456,0.057,1.104,0.0,6.0,13.0,132.0,-35.0,-32.0,6.0,15.0,23.0,135.0,-6.0,-21.0,0.0
594.112,0.171,2.358,0.326,5.0,18.0,124.0,-36.0,-31.0,7.0,15.0,26.0,199.0,-6.0,-21.0,0.0
625.255,0.057,2.183,0.151,3.0,12.0,117.0,-34.0,-29.0,6.0,16.0,24.0,166.0,-7.0,-21.0,0.0
643.361,0.171,2.634,0.301,-5.0,9.0,85.0,-38.0,-31.0,8.0,17.0,27.0,176.0,-5.0,-21.0,-1.0
628.33,0.114,2.258,0.351,-2.0,9.0,154.0,-31.0,-29.0,5.0,10.0,23.0,145.0,-5.0,-20.0,-1.0
577.317,0.0,2.86,0.176,-9.0,5.0,175.0,-14.0,4.0,-1.0,5.0,15.0,181.0,14.0,5.0,-6.0
505.237,0.057,1.731,0.075,6.0,11.0,193.0,-10.0,11.0,-2.0,35.0,51.0,196.0,25.0,13.0,-7.0
382.145,0.114,1.681,0.0,11.0,14.0,186.0,-37.0,-38.0,6.0,20.0,26.0,171.0,-3.0,-22.0,-1.0
393.247,0.285,2.584,0.1,18.0,21.0,238.0,-34.0,-38.0,6.0,17.0,26.0,191.0,-5.0,-22.0,1.0
355.329,0.171,3.111,0.075,13.0,13.0,226.0,-31.0,-35.0,4.0,21.0,26.0,197.0,-2.0,-22.0,0.0
364.267,0.171,3.061,0.226,7.0,13.0,179.0,-36.0,-37.0,6.0,20.0,28.0,201.0,-3.0,-21.0,0.0
299.988,0.171,2.71,0.1,2.0,9.0,186.0,-32.0,-35.0,4.0,13.0,26.0,177.0,-3.0,-21.0,-1.0
261.5,0.228,2.961,0.151,-13.0,1.0,129.0,-20.0,0.0,1.0,5.0,15.0,218.0,17.0,6.0,-8.0
219.255,0.228,2.007,0.025,4.0,7.0,129.0,-17.0,10.0,-1.0,34.0,57.0,201.0,26.0,13.0,-8.0
226.201,0.057,1.857,0.0,9.0,11.0,161.0,-41.0,-45.0,8.0,19.0,26.0,179.0,-4.0,-24.0,0.0
197.051,0.171,2.685,0.176,12.0,16.0,179.0,-40.0,-44.0,9.0,17.0,26.0,209.0,-6.0,-24.0,1.0
252.163,0.455,3.462,0.075,8.0,9.0,165.0,-38.0,-42.0,7.0,19.0,26.0,198.0,-5.0,-24.0,1.0
193.805,0.171,4.14,0.125,7.0,10.0,158.0,-39.0,-43.0,8.0,22.0,30.0,223.0,-1.0,-23.0,0.0
167.103,0.342,3.914,0.05,-5.0,3.0,142.0,-37.0,-41.0,6.0,15.0,27.0,187.0,-1.0,-22.0,-1.0
131.177,0.342,3.839,0.05,-15.0,-1.0,103.0,-24.0,-2.0,2.0,8.0,16.0,199.0,20.0,5.0,-7.0
119.221,0.114,2.258,0.0,-6.0,1.0,94.0,-22.0,6.0,0.0,27.0,51.0,143.0,24.0,9.0,-5.0
124.345,0.0,2.283,0.0,15.0,11.0,202.0,-38.0,-49.0,8.0,23.0,27.0,165.0,-3.0,-26.0,1.0
160.385,0.171,4.115,0.1,18.0,15.0,237.0,-37.0,-48.0,8.0,21.0,26.0,210.0,-3.0,-26.0,2.0
192.553,0.399,4.115,0.1,12.0,7.0,215.0,-34.0,-46.0,6.0,23.0,26.0,192.0,-5.0,-25.0,1.0
167.957,0.626,4.416,0.151,7.0,9.0,180.0,-38.0,-48.0,8.0,18.0,25.0,152.0,-8.0,-26.0,2.0
138.066,0.455,4.315,0.151,-6.0,3.0,141.0,-38.0,-45.0,7.0,12.0,23.0,123.0,-8.0,-25.0,2.0
131.974,0.512,4.516,0.1,-14.0,-2.0,122.0,-19.0,-3.0,1.0,11.0,15.0,220.0,19.0,5.0,-7.0
115.349,0.114,3.061,0.0,-1.0,4.0,105.0,-19.0,7.0,0.0,41.0,64.0,191.0,28.0,13.0,-6.0
123.036,0.114,1.606,0.0,12.0,10.0,165.0,-41.0,-50.0,9.0,26.0,28.0,204.0,0.0,-24.0,0.0
123.149,0.569,4.993,0.0,18.0,16.0,229.0,-38.0,-49.0,9.0,24.0,29.0,205.0,-2.0,-24.0,1.0
148.428,0.569,4.918,0.1,15.0,8.0,268.0,-31.0,-47.0,5.0,31.0,31.0,212.0,0.0,-24.0,0.0
154.862,0.399,5.595,0.05,8.0,9.0,243.0,-35.0,-49.0,7.0,22.0,35.0,236.0,1.0,-24.0,-1.0
133.398,0.399,4.867,0.151,0.0,5.0,206.0,-33.0,-46.0,5.0,12.0,34.0,202.0,-1.0,-24.0,-1.0
130.323,0.399,5.294,0.05,-10.0,0.0,178.0,-12.0,-2.0,-1.0,6.0,21.0,226.0,22.0,5.0,-8.0
128.046,0.171,3.713,0.0,9.0,7.0,193.0,-6.0,12.0,-3.0,35.0,63.0,225.0,34.0,12.0,-9.0
131.291,0.342,3.211,0.0,7.0,10.0,136.0,-39.0,-48.0,9.0,16.0,29.0,165.0,-2.0,-24.0,0.0
160.499,0.342,5.394,0.176,8.0,12.0,147.0,-39.0,-47.0,10.0,16.0,31.0,145.0,-6.0,-24.0,2.0
146.55,0.455,5.194,0.025,9.0,10.0,175.0,-33.0,-42.0,7.0,19.0,30.0,172.0,-3.0,-21.0,1.0
128.786,0.342,4.918,0.1,3.0,8.0,126.0,-37.0,-44.0,9.0,18.0,31.0,180.0,-3.0,-21.0,1.0
138.693,0.342,5.319,0.1,3.0,8.0,170.0,-30.0,-41.0,5.0,10.0,27.0,146.0,-4.0,-21.0,0.0
139.661,0.455,5.57,0.025,-6.0,1.0,170.0,-8.0,1.0,-1.0,7.0,18.0,204.0,18.0,7.0,-6.0
136.074,0.342,4.642,0.0,-3.0,8.0,67.0,-18.0,11.0,1.0,34.0,84.0,201.0,30.0,17.0,-7.0
138.75,0.171,2.685,0.0,16.0,15.0,168.0,-32.0,-39.0,6.0,10.0,23.0,94.0,-9.0,-21.0,2.0
165.452,0.683,5.821,0.201,22.0,20.0,222.0,-28.0,-38.0,6.0,11.0,26.0,116.0,-9.0,-20.0,3.0
150.421,0.569,5.846,0.125,16.0,14.0,189.0,-25.0,-35.0,5.0,18.0,28.0,149.0,-2.0,-18.0,1.0
163.687,0.512,5.394,0.075,8.0,13.0,121.0,-31.0,-36.0,6.0,13.0,29.0,102.0,-6.0,-19.0,2.0
139.49,0.171,6.373,0.075,3.0,10.0,127.0,-27.0,-33.0,5.0,9.0,26.0,97.0,-6.0,-17.0,1.0
132.373,0.569,7.251,0.125,-5.0,5.0,108.0,-12.0,5.0,0.0,5.0,14.0,143.0,10.0,10.0,-4.0
125.028,0.171,5.093,0.0,-4.0,8.0,53.0,-15.0,13.0,1.0,60.0,199.0,80.0,17.0,27.0,-4.0
133.796,0.228,3.864,0.0,10.0,15.0,113.0,-26.0,-33.0,6.0,8.0,17.0,48.0,-8.0,-16.0,3.0
163.231,0.683,7.151,0.125,12.0,20.0,140.0,-24.0,-31.0,6.0,10.0,25.0,52.0,-8.0,-16.0,4.0
159.417,0.228,9.183,0.326,7.0,15.0,125.0,-20.0,-29.0,4.0,22.0,38.0,99.0,5.0,-17.0,2.0
146.265,0.455,9.434,0.226,5.0,13.0,115.0,-23.0,-30.0,5.0,11.0,33.0,107.0,6.0,-13.0,-1.0
154.463,0.512,9.057,0.125,3.0,10.0,155.0,-16.0,-27.0,2.0,8.0,29.0,110.0,6.0,-11.0,-3.0
135.163,0.569,9.735,0.176,-5.0,6.0,140.0,-8.0,7.0,-1.0,5.0,18.0,148.0,8.0,10.0,-4.0
120.417,0.114,8.104,0.0,9.0,13.0,161.0,1.0,16.0,-2.0,27.0,101.0,160.0,19.0,17.0,-5.0
141.255,0.171,4.566,0.0,7.0,14.0,135.0,-18.0,-30.0,4.0,9.0,27.0,97.0,3.0,-12.0,-2.0
160.555,0.455,10.161,0.326,12.0,18.0,182.0,-17.0,-28.0,4.0,6.0,29.0,116.0,2.0,-12.0,-1.0
136.358,0.399,13.323,0.276,10.0,14.0,218.0,-12.0,-26.0,2.0,10.0,30.0,121.0,5.0,-12.0,-2.0
154.463,0.171,12.821,0.151,0.0,12.0,119.0,-20.0,-27.0,4.0,10.0,32.0,135.0,5.0,-12.0,-2.0
125.142,0.228,13.272,0.201,-5.0,8.0,104.0,-17.0,-24.0,3.0,10.0,32.0,128.0,6.0,-11.0,-3.0
1.253,0.342,13.323,0.201,-8.0,6.0,99.0,-11.0,6.0,0.0,7.0,19.0,160.0,14.0,8.0,-5.0
218.116,0.0,11.943,0.0,6.0,12.0,114.0,-6.0,14.0,-1.0,23.0,99.0,134.0,19.0,14.0,-4.0
115.52,0.285,6.774,0.0,2.0,12.0,99.0,-19.0,-28.0,4.0,7.0,28.0,77.0,0.0,-11.0,-1.0
135.277,0.626,13.448,0.201,5.0,16.0,122.0,-19.0,-27.0,4.0,6.0,29.0,101.0,1.0,-12.0,0.0
119.449,0.399,19.269,0.527,1.0,15.0,90.0,-18.0,-26.0,4.0,9.0,29.0,105.0,3.0,-12.0,-1.0
123.548,0.455,18.165,0.251,-1.0,10.0,90.0,-21.0,-28.0,3.0,4.0,28.0,68.0,-2.0,-13.0,-1.0
114.837,0.569,16.358,0.226,-1.0,8.0,120.0,-16.0,-26.0,2.0,2.0,27.0,48.0,-3.0,-12.0,0.0
94.682,0.228,19.971,0.351,-3.0,4.0,127.0,-7.0,3.0,-1.0,-2.0,13.0,49.0,-5.0,3.0,0.0
76.691,0.171,13.548,0.025,11.0,11.0,123.0,-5.0,10.0,-2.0,-6.0,75.0,45.0,-1.0,6.0,0.0
96.219,0.569,9.133,0.0,2.0,13.0,89.0,-23.0,-27.0,4.0,3.0,22.0,42.0,-5.0,-8.0,0.0
109.827,0.342,17.789,0.376,6.0,16.0,114.0,-22.0,-26.0,4.0,1.0,24.0,55.0,-5.0,-7.0,1.0
104.646,0.228,22.079,0.502,6.0,11.0,113.0,-19.0,-22.0,3.0,4.0,24.0,53.0,-4.0,-4.0,1.0
96.675,0.683,24.437,0.351,-2.0,10.0,60.0,-24.0,-23.0,5.0,3.0,26.0,61.0,-3.0,-4.0,0.0
91.722,0.228,20.373,0.351,2.0,11.0,100.0,-16.0,-21.0,2.0,2.0,25.0,56.0,-1.0,-4.0,-1.0
91.835,0.171,23.007,0.502,-1.0,6.0,107.0,-4.0,4.0,-1.0,1.0,14.0,98.0,6.0,7.0,-2.0
78.968,0.057,16.133,0.025,10.0,11.0,103.0,-6.0,12.0,-1.0,18.0,98.0,141.0,20.0,12.0,-3.0
98.44,0.399,10.563,0.0,-4.0,8.0,46.0,-25.0,-24.0,5.0,3.0,21.0,73.0,-1.0,-3.0,-1.0
101.514,0.455,24.487,0.728,6.0,17.0,92.0,-21.0,-23.0,4.0,2.0,24.0,67.0,-3.0,-4.0,0.0
96.96,0.342,30.986,0.552,-10.0,4.0,23.0,-26.0,-24.0,5.0,3.0,23.0,57.0,-3.0,-5.0,0.0
98.668,0.114,30.233,0.677,-4.0,10.0,37.0,-26.0,-24.0,5.0,7.0,27.0,55.0,0.0,-4.0,0.0
94.853,0.342,34.147,0.401,-7.0,6.0,43.0,-22.0,-23.0,4.0,4.0,26.0,58.0,0.0,-4.0,-1.0
92.177,0.285,33.72,0.577,-5.0,6.0,49.0,-13.0,-1.0,1.0,3.0,16.0,96.0,5.0,5.0,-2.0
93.259,0.057,27.348,0.151,-10.0,5.0,-2.0,-19.0,2.0,2.0,17.0,108.0,121.0,16.0,9.0,-3.0
108.346,0.228,17.136,0.0,-1.0,10.0,57.0,-26.0,-25.0,5.0,3.0,20.0,65.0,-1.0,-4.0,-1.0
107.891,0.399,33.294,1.154,-5.0,9.0,44.0,-28.0,-24.0,5.0,2.0,23.0,77.0,-1.0,-5.0,0.0
157.082,0.171,52.337,0.828,-8.0,6.0,29.0,-25.0,-23.0,5.0,1.0,22.0,32.0,-4.0,-5.0,0.0
158.961,0.342,50.355,0.728,-4.0,9.0,47.0,-26.0,-23.0,4.0,3.0,26.0,55.0,-1.0,-4.0,0.0
142.906,0.114,47.52,0.778,-1.0,8.0,82.0,-19.0,-22.0,3.0,5.0,27.0,51.0,1.0,-3.0,-2.0
128.558,0.114,50.455,0.753,-1.0,5.0,96.0,-8.0,0.0,0.0,6.0,17.0,81.0,5.0,5.0,-2.0
154.805,0.057,38.312,0.125,4.0,10.0,87.0,-7.0,5.0,0.0,7.0,108.0,88.0,11.0,7.0,-1.0
164.37,0.285,22.656,0.0,-3.0,9.0,54.0,-26.0,-23.0,5.0,3.0,21.0,37.0,-3.0,-3.0,0.0
212.537,0.399,53.215,1.229,-4.0,11.0,50.0,-27.0,-23.0,5.0,1.0,24.0,31.0,-5.0,-4.0,1.0
206.9,0.683,66.237,1.004,-2.0,12.0,59.0,-25.0,-21.0,4.0,5.0,24.0,30.0,-4.0,-4.0,0.0
211.569,0.228,75.244,1.505,-6.0,8.0,42.0,-26.0,-22.0,5.0,6.0,25.0,39.0,-6.0,-12.0,2.0
210.829,0.399,69.498,1.229,-4.0,8.0,64.0,-20.0,-22.0,3.0,2.0,24.0,33.0,-4.0,-8.0,1.0
209.348,0.285,81.165,1.104,-5.0,5.0,69.0,-8.0,-2.0,0.0,2.0,14.0,56.0,0.0,5.0,-1.0
190.959,0.342,63.251,0.025,2.0,9.0,73.0,-10.0,3.0,0.0,-3.0,103.0,47.0,4.0,6.0,0.0
221.988,0.228,38.538,0.075,3.0,8.0,84.0,-31.0,-33.0,6.0,1.0,18.0,24.0,-5.0,-3.0,1.0
260.874,0.797,98.602,1.606,1.0,11.0,72.0,-31.0,-32.0,6.0,1.0,23.0,50.0,-3.0,-3.0,1.0
296.401,0.626,139.498,1.882,-1.0,8.0,58.0,-29.0,-31.0,5.0,3.0,24.0,60.0,-1.0,-3.0,0.0
334.149,0.399,140.276,1.154,-6.0,3.0,24.0,-32.0,-32.0,7.0,-1.0,22.0,32.0,-2.0,-3.0,0.0
323.388,0.569,143.412,1.48,-4.0,6.0,41.0,-27.0,-31.0,5.0,0.0,23.0,22.0,-3.0,-2.0,0.0
358.46,1.309,157.487,1.882,-5.0,6.0,52.0,-14.0,-3.0,1.0,0.0,13.0,29.0,-2.0,6.0,0.0
301.526,0.057,118.599,0.326,8.0,11.0,96.0,-4.0,3.0,0.0,1.0,110.0,58.0,4.0,8.0,1.0
327.317,0.342,74.09,0.0,-3.0,8.0,34.0,-30.0,-27.0,6.0,0.0,19.0,34.0,-4.0,-2.0,0.0
413.573,1.139,157.136,2.333,2.0,15.0,58.0,-29.0,-25.0,6.0,0.0,24.0,38.0,-4.0,-2.0,1.0
437.542,0.968,209.9,3.312,2.0,11.0,60.0,-26.0,-24.0,5.0,3.0,26.0,41.0,-2.0,-2.0,0.0
420.803,0.797,210.301,2.534,2.0,10.0,66.0,-25.0,-25.0,5.0,5.0,32.0,56.0,2.0,-2.0,0.0
452.402,0.74,235.918,2.559,0.0,9.0,67.0,-21.0,-24.0,4.0,5.0,34.0,43.0,2.0,-2.0,-1.0
465.383,0.74,246.029,2.885,-10.0,4.0,16.0,-16.0,-4.0,2.0,1.0,28.0,65.0,6.0,2.0,-2.0
438.055,0.797,179.315,0.226,2.0,15.0,35.0,-13.0,3.0,1.0,4.0,155.0,81.0,9.0,-2.0,-3.0
440.161,0.683,123.039,0.326,2.0,13.0,44.0,-25.0,-22.0,6.0,-59.0,-60.0,81.0,-38.0,-86.0,16.0
518.788,1.025,113.33,0.226,-4.0,13.0,30.0,-27.0,-21.0,6.0,-6.0,27.0,5.0,-7.0,-7.0,3.0
581.53,1.879,261.785,3.111,-3.0,12.0,37.0,-26.0,-21.0,5.0,-1.0,25.0,27.0,-3.0,-1.0,1.0
621.213,1.309,389.165,6.272,-7.0,9.0,17.0,-28.0,-21.0,6.0,-3.0,22.0,16.0,-6.0,-2.0,2.0
681.051,1.139,399.05,3.814,-3.0,10.0,38.0,-23.0,-21.0,5.0,-4.0,23.0,8.0,-7.0,0.0,2.0
646.15,2.05,381.237,4.667,-7.0,6.0,31.0,-15.0,-4.0,2.0,-2.0,15.0,29.0,-4.0,10.0,1.0
672.113,0.455,313.796,0.602,-5.0,8.0,24.0,-16.0,0.0,2.0,-13.0,95.0,3.0,-11.0,5.0,4.0
642.734,1.253,183.505,0.075,-7.0,8.0,24.0,-29.0,-23.0,6.0,-4.0,15.0,3.0,-9.0,-2.0,2.0
720.108,1.651,342.348,5.52,-4.0,13.0,35.0,-30.0,-22.0,6.0,0.0,25.0,20.0,-7.0,-2.0,2.0
927.806,1.423,465.312,6.774,-4.0,11.0,32.0,-27.0,-21.0,5.0,19.0,56.0,38.0,6.0,-5.0,-2.0
922.568,1.48,478.685,6.875,-5.0,12.0,20.0,-28.0,-23.0,7.0,-46.0,-63.0,120.0,-38.0,-81.0,21.0
788.43,1.822,325.287,0.778,-4.0,8.0,35.0,-24.0,-22.0,6.0,9.0,30.0,41.0,-20.0,-40.0,9.0
684.923,1.879,358.731,6.674,-15.0,8.0,28.0,-21.0,-6.0,4.0,-3.0,9.0,41.0,-9.0,-2.0,2.0
1092.973,0.342,362.495,1.154,-12.0,9.0,35.0,-20.0,-2.0,3.0,-12.0,94.0,8.0,-1.0,2.0,2.0
1148.826,0.911,238.552,0.301,-14.0,5.0,10.0,-34.0,-26.0,8.0,-3.0,18.0,6.0,-6.0,-3.0,2.0
1182.189,1.993,416.763,7.075,-12.0,12.0,18.0,-35.0,-26.0,9.0,-4.0,21.0,16.0,-8.0,-3.0,3.0
1343.257,2.505,608.197,11.616,-11.0,10.0,25.0,-32.0,-24.0,7.0,-3.0,21.0,12.0,-9.0,-3.0,2.0
1197.448,1.936,625.032,9.283,-17.0,8.0,12.0,-35.0,-25.0,9.0,-4.0,22.0,12.0,-9.0,-3.0,3.0
1241.06,2.107,583.559,10.161,-14.0,9.0,28.0,-30.0,-23.0,8.0,-6.0,20.0,-1.0,-9.0,-2.0,3.0
1175.471,3.131,587.548,9.584,-16.0,7.0,15.0,-25.0,-6.0,5.0,-5.0,13.0,18.0,-7.0,8.0,2.0
1309.609,0.626,474.796,1.029,-13.0,7.0,26.0,-23.0,-2.0,3.0,-14.0,99.0,9.0,-9.0,4.0,3.0
1306.99,1.651,310.484,0.201,-9.0,8.0,26.0,-33.0,-27.0,8.0,-6.0,14.0,2.0,-10.0,-3.0,3.0
1350.09,3.018,500.161,9.986,-7.0,15.0,23.0,-34.0,-26.0,8.0,-6.0,18.0,8.0,-12.0,-4.0,4.0
1263.321,2.847,713.323,11.541,-7.0,12.0,17.0,-33.0,-24.0,7.0,0.0,19.0,10.0,-10.0,-4.0,3.0
1211.625,3.416,706.097,12.495,-10.0,12.0,0.0,-35.0,-26.0,9.0,-1.0,22.0,16.0,-9.0,-5.0,3.0
1254.326,3.359,672.251,10.563,-13.0,6.0,-5.0,-31.0,-24.0,8.0,0.0,22.0,-1.0,-9.0,-4.0,3.0
1260.247,3.131,657.047,9.509,-17.0,7.0,-13.0,-30.0,-5.0,5.0,-1.0,12.0,12.0,-8.0,7.0,2.0
1220.848,2.562,516.194,1.28,-20.0,9.0,-11.0,-30.0,-1.0,4.0,-15.0,95.0,-5.0,-12.0,3.0,3.0
1261.841,1.822,329.502,0.452,-16.0,7.0,-2.0,-37.0,-28.0,10.0,-4.0,13.0,-8.0,-12.0,-4.0,3.0
1054.371,3.701,479.211,13.247,-19.0,10.0,-8.0,-39.0,-27.0,10.0,-5.0,18.0,-3.0,-12.0,-4.0,4.0
1312.228,2.562,729.505,14.301,-19.0,10.0,-10.0,-36.0,-25.0,9.0,-2.0,21.0,-1.0,-12.0,-5.0,4.0
1225.744,3.701,686.301,12.62,-23.0,9.0,-13.0,-39.0,-26.0,10.0,-1.0,23.0,7.0,-12.0,-5.0,4.0
1287.518,3.53,676.441,11.792,-23.0,9.0,-9.0,-36.0,-24.0,9.0,-1.0,22.0,3.0,-11.0,-4.0,3.0
1314.164,3.188,641.667,12.645,-25.0,8.0,-18.0,-35.0,-6.0,6.0,1.0,15.0,22.0,-6.0,6.0,2.0
1193.633,1.48,561.857,1.129,-27.0,5.0,-11.0,-32.0,-2.0,4.0,-12.0,116.0,12.0,-11.0,4.0,4.0
1020.325,1.936,332.437,0.627,-19.0,3.0,-6.0,-39.0,-27.0,10.0,2.0,18.0,4.0,-11.0,-4.0,3.0
1028.637,3.872,485.961,12.67,-15.0,11.0,13.0,-38.0,-25.0,9.0,-5.0,18.0,6.0,-13.0,-2.0,4.0
1125.426,4.099,716.283,14.828,-17.0,9.0,8.0,-36.0,-22.0,8.0,-2.0,18.0,-1.0,-14.0,-1.0,4.0
995.102,4.384,688.935,14.075,-25.0,6.0,-12.0,-40.0,-23.0,10.0,-2.0,23.0,8.0,-13.0,-1.0,4.0
1008.653,4.839,626.939,14.326,-24.0,7.0,-5.0,-35.0,-21.0,9.0,-2.0,23.0,8.0,-9.0,0.0,3.0
944.431,3.985,596.179,12.194,-20.0,8.0,6.0,-29.0,-3.0,5.0,-1.0,14.0,30.0,-4.0,11.0,3.0
784.957,2.164,487.993,1.631,-31.0,-1.0,-30.0,-34.0,-1.0,5.0,34.0,177.0,15.0,-2.0,21.0,3.0
726.485,1.594,285.444,0.728,-16.0,7.0,3.0,-37.0,-24.0,9.0,-2.0,17.0,1.0,-11.0,0.0,3.0
768.218,4.213,438.065,13.473,-14.0,13.0,7.0,-37.0,-22.0,9.0,0.0,25.0,9.0,-10.0,0.0,4.0
929.685,2.334,608.774,16.785,-13.0,14.0,11.0,-34.0,-20.0,8.0,4.0,27.0,11.0,-8.0,0.0,3.0
875.027,3.131,554.38,14.853,-18.0,13.0,7.0,-36.0,-21.0,9.0,5.0,30.0,14.0,-8.0,0.0,3.0
832.156,3.416,502.47,14.201,-20.0,10.0,3.0,-33.0,-19.0,8.0,2.0,24.0,8.0,-8.0,2.0,3.0
756.034,2.847,486.538,13.624,-10.0,17.0,-1.0,-26.0,1.0,4.0,0.0,15.0,17.0,-3.0,12.0,3.0
691.983,2.733,400.832,1.756,-53.0,7.0,-6.0,-38.0,-4.0,6.0,44.0,203.0,-1.0,-2.0,27.0,3.0
530.402,2.05,241.111,0.728,-32.0,16.0,15.0,-45.0,-33.0,11.0,8.0,25.0,2.0,-15.0,-12.0,5.0
760.247,1.708,346.412,13.498,-31.0,25.0,34.0,-45.0,-33.0,11.0,14.0,39.0,16.0,-12.0,-13.0,5.0
760.76,2.676,451.939,19.495,-32.0,28.0,14.0,-43.0,-32.0,10.0,22.0,50.0,16.0,-9.0,-16.0,5.0
708.038,2.277,430.287,15.455,-32.0,37.0,-15.0,-47.0,-37.0,13.0,27.0,63.0,19.0,-12.0,-30.0,7.0
716.806,2.277,385.778,14.953,-39.0,27.0,-15.0,-48.0,-50.0,14.0,-50.0,-14.0,-19.0,-51.0,-75.0,19.0
676.724,2.505,270.692,6.774,-83.0,-72.0,-19.0,-56.0,-51.0,7.0,-84.0,-83.0,5.0,-56.0,-64.0,8.0
650.876,0.626,156.885,0.401,-68.0,-29.0,-14.0,-44.0,-20.0,2.0,-57.0,-23.0,8.0,-31.0,-25.0,1.0
522.375,0.683,126.125,0.953,-37.0,1.0,13.0,-53.0,-62.0,16.0,-3.0,-1.0,13.0,-27.0,-37.0,11.0
900.534,4.27,247.133,13.774,-37.0,12.0,4.0,-54.0,-59.0,17.0,3.0,15.0,24.0,-24.0,-29.0,10.0
841.379,2.79,390.57,19.896,-37.0,12.0,13.0,-51.0,-57.0,15.0,9.0,27.0,28.0,-20.0,-28.0,9.0
957.241,2.277,359.434,17.763,-33.0,28.0,15.0,-53.0,-60.0,17.0,16.0,52.0,35.0,-16.0,-31.0,8.0
894.613,1.822,341.394,16.032,-44.0,16.0,13.0,-52.0,-64.0,14.0,-23.0,32.0,25.0,-36.0,-53.0,15.0
1001.024,1.537,301.903,12.67,-78.0,-72.0,11.0,-53.0,-49.0,9.0,-76.0,-82.0,15.0,-46.0,-64.0,11.0
827.601,0.342,180.143,0.828,-51.0,5.0,9.0,-41.0,-12.0,6.0,-20.0,79.0,22.0,-14.0,-3.0,4.0
1053.631,0.797,161.151,0.226,-35.0,7.0,22.0,-51.0,-48.0,15.0,-10.0,14.0,-4.0,-25.0,-17.0,9.0
1417.5,1.082,292.72,10.864,-38.0,8.0,13.0,-52.0,-46.0,15.0,-8.0,20.0,4.0,-24.0,-15.0,9.0
1412.661,2.22,431.466,15.857,-44.0,0.0,-6.0,-52.0,-44.0,14.0,6.0,47.0,8.0,-20.0,-17.0,5.0
1985.422,0.683,415.91,16.183,-41.0,6.0,26.0,-51.0,-44.0,15.0,-57.0,-70.0,37.0,-54.0,-82.0,26.0
1614.494,1.366,298.591,2.935,-47.0,0.0,-5.0,-51.0,-42.0,15.0,1.0,27.0,24.0,-31.0,-47.0,14.0
1849.463,0.455,273.401,7.326,-56.0,-4.0,-28.0,-48.0,-17.0,10.0,-13.0,5.0,19.0,-21.0,-3.0,5.0
1603.904,0.399,278.67,0.552,-51.0,2.0,14.0,-40.0,-9.0,6.0,-16.0,88.0,18.0,-12.0,9.0,3.0
1653.323,0.455,195.373,0.477,-39.0,2.0,8.0,-46.0,-29.0,11.0,-7.0,17.0,-3.0,-13.0,1.0,3.0
1835.798,1.025,286.072,12.369,-40.0,8.0,15.0,-47.0,-28.0,11.0,-9.0,19.0,4.0,-16.0,0.0,4.0
1926.381,0.455,405.774,17.161,-42.0,4.0,8.0,-45.0,-27.0,10.0,-9.0,17.0,-1.0,-16.0,1.0,4.0
2067.75,0.74,423.362,12.068,-46.0,3.0,-9.0,-48.0,-28.0,12.0,-10.0,18.0,0.0,-16.0,1.0,4.0
1813.537,0.854,402.663,10.588,-46.0,3.0,2.0,-44.0,-25.0,11.0,-12.0,17.0,-8.0,-17.0,2.0,4.0
2078.738,0.342,423.839,10.763,-30.0,3.0,-5.0,-40.0,-6.0,7.0,-10.0,8.0,16.0,-16.0,8.0,3.0
2411.293,0.399,367.839,0.878,-35.0,3.0,7.0,-37.0,-4.0,5.0,-17.0,91.0,2.0,-19.0,9.0,4.0
0.0,0.171,262.086,0.1,-21.0,0.0,7.0,-43.0,-28.0,9.0,-15.0,6.0,-10.0,-20.0,-5.0,5.0
3968.055,0.0,492.961,9.459,-23.0,6.0,13.0,-44.0,-27.0,10.0,-11.0,16.0,10.0,-19.0,-5.0,5.0
2279.546,1.139,767.441,9.434,-28.0,3.0,4.0,-38.0,-26.0,9.0,-8.0,17.0,8.0,-18.0,-6.0,5.0
3277.723,0.683,823.817,7.928,-32.0,4.0,-7.0,-42.0,-27.0,11.0,-14.0,15.0,-2.0,-19.0,-7.0,6.0
2627.36,0.683,919.885,6.222,-32.0,5.0,2.0,-37.0,-25.0,10.0,-14.0,18.0,-8.0,-21.0,-7.0,6.0
3721.642,0.569,1025.613,4.842,-30.0,7.0,-1.0,-32.0,-7.0,7.0,-18.0,5.0,4.0,-21.0,5.0,4.0
3682.357,0.114,856.133,0.627,-34.0,5.0,22.0,-30.0,-4.0,5.0,-24.0,96.0,-4.0,-22.0,7.0,4.0
3083.577,0.455,730.032,0.05,-24.0,3.0,10.0,-39.0,-29.0,10.0,-14.0,9.0,-2.0,-24.0,-11.0,7.0
3342.06,0.512,929.444,6.297,-23.0,9.0,18.0,-40.0,-29.0,10.0,-15.0,13.0,0.0,-25.0,-12.0,8.0
3675.411,0.683,1340.186,6.925,-17.0,4.0,10.0,-40.0,-26.0,8.0,-14.0,12.0,-4.0,-25.0,-13.0,8.0
4218.169,0.797,1446.642,6.599,-24.0,0.0,-10.0,-43.0,-27.0,10.0,-16.0,11.0,-6.0,-28.0,-17.0,9.0
2245.727,0.512,1436.756,6.799,-17.0,3.0,24.0,-35.0,-24.0,8.0,-17.0,10.0,-15.0,-29.0,-16.0,9.0
4282.619,0.455,1296.882,5.796,-18.0,1.0,6.0,-28.0,-3.0,5.0,-20.0,2.0,-11.0,-25.0,3.0,5.0
6389.596,0.114,1211.502,0.577,-9.0,6.0,51.0,-23.0,3.0,2.0,-9.0,98.0,-29.0,-27.0,13.0,5.0
6024.703,0.285,839.925,0.828,-29.0,-9.0,-21.0,-43.0,-30.0,10.0,-15.0,7.0,1.0,-27.0,-16.0,7.0
3814.56,0.911,981.405,6.022,-20.0,5.0,3.0,-39.0,-28.0,9.0,-16.0,12.0,0.0,-27.0,-16.0,8.0
4719.079,0.569,1406.297,8.004,-15.0,7.0,26.0,-36.0,-26.0,8.0,-14.0,11.0,-4.0,-27.0,-16.0,8.0
3924.842,0.399,1366.756,7.703,-24.0,1.0,-8.0,-41.0,-27.0,9.0,-11.0,16.0,12.0,-25.0,-15.0,8.0
2285.069,0.228,1192.659,6.172,-23.0,-1.0,-6.0,-37.0,-25.0,9.0,-13.0,16.0,0.0,-25.0,-14.0,8.0
5402.749,0.626,1147.799,6.824,-16.0,3.0,22.0,-25.0,-4.0,4.0,-14.0,8.0,3.0,-20.0,4.0,4.0
4419.205,0.512,870.609,0.477,-31.0,-7.0,-36.0,-35.0,-3.0,5.0,-26.0,12.0,-19.0,-24.0,0.0,5.0
21657.855,0.285,612.287,0.251,-17.0,2.0,18.0,-36.0,-28.0,8.0,-12.0,12.0,-6.0,-26.0,-14.0,7.0
4928.2,0.0,886.24,7.201,-14.0,6.0,23.0,-37.0,-27.0,8.0,-13.0,12.0,2.0,-26.0,-15.0,8.0
4941.295,0.455,1175.599,7.778,-16.0,3.0,13.0,-36.0,-26.0,7.0,-7.0,16.0,10.0,-23.0,-14.0,7.0
4590.635,0.854,1055.946,6.573,-20.0,2.0,0.0,-38.0,-27.0,9.0,-3.0,21.0,27.0,-20.0,-14.0,6.0
4005.746,1.082,897.556,7.301,-16.0,3.0,20.0,-32.0,-24.0,7.0,-7.0,19.0,0.0,-22.0,-12.0,6.0
3425.469,0.683,785.982,8.33,-12.0,3.0,35.0,-23.0,-4.0,3.0,-2.0,14.0,45.0,-8.0,7.0,1.0
3132.028,0.399,553.577,0.778,-9.0,5.0,30.0,-24.0,2.0,3.0,2.0,30.0,60.0,-4.0,6.0,1.0
3047.081,0.399,338.032,0.427,-7.0,6.0,12.0,-34.0,-26.0,7.0,13.0,29.0,39.0,-15.0,-12.0,4.0
3636.981,0.683,558.369,9.484,-16.0,3.0,15.0,-35.0,-25.0,8.0,-5.0,17.0,36.0,-18.0,-12.0,5.0
3209.857,1.025,723.961,9.333,-19.0,2.0,-1.0,-34.0,-23.0,7.0,-4.0,17.0,21.0,-18.0,-12.0,5.0
2806.248,0.968,733.47,7.978,-20.0,3.0,-1.0,-34.0,-24.0,8.0,-10.0,12.0,1.0,-23.0,-12.0,6.0
1913.514,0.911,601.624,7.627,-38.0,-9.0,-21.0,-57.0,-28.0,13.0,-5.0,21.0,14.0,-19.0,-10.0,5.0
2074.696,0.626,524.147,7.1,-16.0,1.0,4.0,-35.0,-2.0,3.0,-15.0,4.0,0.0,-20.0,4.0,2.0
2048.905,0.455,343.401,0.627,-26.0,-10.0,-40.0,-34.0,-1.0,4.0,-15.0,12.0,4.0,-13.0,7.0,2.0
1974.036,0.342,237.272,0.401,-18.0,-2.0,-7.0,-39.0,-29.0,8.0,-6.0,16.0,5.0,-17.0,-6.0,3.0
0.114,1.025,470.957,8.129,-10.0,6.0,16.0,-36.0,-27.0,7.0,-6.0,18.0,20.0,-17.0,-6.0,4.0
2309.893,0.626,513.409,9.032,-2.0,10.0,53.0,-30.0,-25.0,5.0,-4.0,18.0,15.0,-16.0,-5.0,4.0
2344.794,0.74,458.287,8.556,-17.0,0.0,-8.0,-36.0,-26.0,7.0,-1.0,24.0,50.0,-9.0,-4.0,2.0
2137.438,0.455,418.996,4.968,-8.0,4.0,15.0,-30.0,-26.0,5.0,-9.0,21.0,15.0,-14.0,-3.0,3.0
1873.034,0.342,350.0,5.545,-5.0,2.0,45.0,-12.0,-4.0,0.0,-10.0,13.0,26.0,-10.0,11.0,2.0
1559.039,0.171,223.222,0.978,9.0,6.0,75.0,-6.0,5.0,-1.0,-14.0,23.0,28.0,-3.0,12.0,2.0
1643.53,0.342,164.613,0.025,2.0,4.0,57.0,-32.0,-35.0,6.0,-6.0,21.0,15.0,-8.0,2.0,2.0
2077.884,0.911,325.663,6.749,-7.0,6.0,29.0,-36.0,-33.0,7.0,-7.0,23.0,30.0,-6.0,2.0,2.0
2760.701,0.683,369.645,6.975,-5.0,5.0,53.0,-32.0,-30.0,5.0,-9.0,19.0,28.0,-8.0,2.0,2.0
3318.375,0.399,352.76,6.674,-9.0,4.0,38.0,-35.0,-31.0,7.0,-7.0,22.0,24.0,-7.0,2.0,2.0
3889.315,0.569,313.344,5.168,-7.0,-1.0,43.0,-32.0,-30.0,6.0,-9.0,22.0,5.0,-9.0,4.0,3.0
3826.459,0.512,319.265,4.993,-9.0,-2.0,36.0,-20.0,-4.0,2.0,-7.0,14.0,16.0,-6.0,11.0,2.0
3803.173,0.228,193.14,0.251,-3.0,3.0,32.0,-19.0,3.0,1.0,-17.0,23.0,6.0,-3.0,12.0,3.0
3669.661,0.0,140.075,0.151,-11.0,-2.0,14.0,-34.0,-25.0,6.0,-4.0,23.0,16.0,-5.0,3.0,2.0
3771.005,0.683,330.581,5.444,-9.0,4.0,25.0,-34.0,-24.0,6.0,4.0,34.0,36.0,-1.0,3.0,2.0
4227.164,0.569,362.294,5.871,-10.0,1.0,31.0,-32.0,-23.0,5.0,-5.0,20.0,28.0,-4.0,4.0,3.0
4242.651,2.334,336.828,4.616,-12.0,-1.0,20.0,-33.0,-23.0,6.0,-2.0,25.0,32.0,-1.0,5.0,3.0
3939.075,0.74,291.867,3.036,-11.0,-1.0,27.0,-30.0,-22.0,5.0,-5.0,23.0,20.0,-4.0,5.0,3.0
3418.864,0.626,278.821,3.186,-11.0,-2.0,23.0,-20.0,-2.0,2.0,-2.0,17.0,48.0,4.0,12.0,2.0
2980.069,0.455,190.129,0.226,0.0,4.0,44.0,-15.0,4.0,1.0,-2.0,39.0,68.0,11.0,14.0,2.0
2613.297,0.342,132.849,0.025,-12.0,-2.0,9.0,-33.0,-23.0,6.0,-3.0,20.0,39.0,-2.0,5.0,3.0
3011.668,0.683,318.387,4.466,-7.0,4.0,27.0,-31.0,-22.0,5.0,-5.0,21.0,48.0,-2.0,5.0,3.0
3431.162,0.626,363.172,3.789,-5.0,4.0,27.0,-29.0,-21.0,4.0,-3.0,22.0,38.0,-3.0,5.0,3.0
3055.622,1.082,307.774,5.194,-12.0,-1.0,7.0,-32.0,-21.0,6.0,-3.0,24.0,40.0,-3.0,5.0,3.0
3086.993,1.082,292.495,2.685,-9.0,2.0,41.0,-27.0,-20.0,4.0,-4.0,24.0,36.0,-3.0,6.0,2.0
2360.507,0.626,260.28,2.986,-10.0,1.0,40.0,-16.0,-2.0,1.0,-2.0,17.0,54.0,4.0,12.0,2.0
1982.633,0.455,142.86,0.301,-12.0,3.0,6.0,-19.0,2.0,1.0,0.0,44.0,79.0,9.0,12.0,1.0
1817.409,0.171,104.473,0.075,-7.0,4.0,33.0,-30.0,-21.0,5.0,0.0,22.0,54.0,-2.0,4.0,2.0
2309.152,1.423,254.885,3.362,-3.0,7.0,60.0,-28.0,-20.0,4.0,-3.0,22.0,70.0,-2.0,6.0,3.0
2436.117,0.911,261.559,3.136,-2.0,7.0,57.0,-26.0,-19.0,3.0,0.0,23.0,76.0,0.0,6.0,2.0
2226.028,0.854,225.505,3.663,-6.0,5.0,36.0,-28.0,-19.0,4.0,-1.0,26.0,67.0,-1.0,6.0,2.0
1992.368,1.139,206.513,2.76,-3.0,6.0,58.0,-23.0,-19.0,3.0,-2.0,25.0,58.0,-1.0,6.0,2.0
1602.424,1.139,166.294,2.133,-3.0,3.0,68.0,-7.0,-1.0,-1.0,-4.0,17.0,53.0,3.0,12.0,2.0
1424.389,0.399,87.613,0.176,6.0,9.0,67.0,-5.0,6.0,-1.0,1.0,41.0,82.0,10.0,13.0,1.0
1225.061,0.569,59.387,0.025,-8.0,4.0,32.0,-29.0,-20.0,5.0,-1.0,22.0,59.0,-2.0,7.0,1.0
1747.721,0.911,165.742,2.76,-6.0,9.0,34.0,-29.0,-18.0,4.0,-4.0,22.0,35.0,-4.0,6.0,3.0
1581.813,2.107,144.014,2.534,-7.0,7.0,26.0,-28.0,-17.0,4.0,-3.0,22.0,31.0,-5.0,7.0,3.0
1448.643,1.48,125.222,3.337,-19.0,-1.0,-14.0,-31.0,-19.0,6.0,-5.0,24.0,19.0,-5.0,7.0,3.0
1238.441,0.342,101.337,1.857,-14.0,1.0,8.0,-28.0,-19.0,5.0,-9.0,20.0,1.0,-10.0,7.0,3.0
965.098,0.797,52.713,2.409,-10.0,4.0,20.0,-17.0,-1.0,1.0,-7.0,15.0,9.0,-8.0,9.0,3.0
704.679,0.342,13.799,0.05,-6.0,9.0,17.0,-21.0,4.0,1.0,-17.0,20.0,6.0,-7.0,10.0,4.0
613.356,0.569,12.369,0.0,-21.0,-6.0,-10.0,-30.0,-20.0,6.0,-7.0,19.0,11.0,-7.0,7.0,3.0
799.304,0.797,47.269,1.254,-11.0,8.0,16.0,-29.0,-18.0,5.0,-7.0,20.0,17.0,-8.0,6.0,4.0
742.484,1.196,39.115,1.932,-12.0,4.0,6.0,-28.0,-17.0,5.0,-3.0,22.0,28.0,-5.0,6.0,3.0
733.374,0.512,37.208,1.606,-15.0,0.0,-6.0,-28.0,-18.0,6.0,1.0,28.0,52.0,1.0,7.0,2.0
619.05,0.74,33.219,1.455,-5.0,9.0,33.0,-23.0,-17.0,3.0,2.0,30.0,23.0,-1.0,8.0,2.0
564.108,0.911,35.351,1.029,-7.0,5.0,26.0,-12.0,1.0,1.0,5.0,22.0,31.0,7.0,15.0,2.0
408.676,0.114,11.09,0.0,8.0,13.0,65.0,0.0,7.0,0.0,53.0,197.0,22.0,15.0,32.0,1.0
377.818,0.171,9.559,0.0,0.0,9.0,62.0,-24.0,-18.0,4.0,3.0,26.0,30.0,1.0,9.0,2.0
359.143,0.854,40.746,1.53,6.0,14.0,101.0,-20.0,-16.0,3.0,8.0,35.0,73.0,6.0,8.0,1.0
281.485,1.253,31.763,1.004,0.0,12.0,69.0,-22.0,-16.0,3.0,13.0,40.0,85.0,9.0,6.0,0.0
267.308,0.569,29.556,0.978,3.0,12.0,79.0,-20.0,-17.0,2.0,17.0,51.0,102.0,7.0,-9.0,2.0
235.652,0.455,30.108,0.853,3.0,15.0,111.0,-25.0,-33.0,5.0,3.0,53.0,20.0,-13.0,-26.0,10.0
198.986,0.228,26.996,0.728,-3.0,15.0,113.0,-7.0,-1.0,-1.0,-40.0,-8.0,41.0,-21.0,-28.0,9.0
161.58,0.057,7.803,0.0,-11.0,-25.0,146.0,-1.0,-2.0,-3.0,-57.0,-20.0,57.0,-25.0,-18.0,-1.0
118.139,0.114,6.674,0.0,15.0,-15.0,214.0,-34.0,-81.0,12.0,-60.0,-69.0,117.0,-40.0,-86.0,16.0
142.621,0.228,7.552,0.0,-1.0,14.0,95.0,-21.0,-16.0,2.0,1.0,17.0,44.0,-2.0,-15.0,5.0
200.524,0.626,38.211,0.778,2.0,12.0,91.0,-20.0,-15.0,2.0,0.0,20.0,29.0,0.0,6.0,3.0
172.853,1.082,29.53,0.753,-1.0,11.0,64.0,-21.0,-15.0,2.0,4.0,27.0,54.0,3.0,8.0,2.0
148.998,0.512,27.498,0.677,-1.0,10.0,83.0,-18.0,-16.0,1.0,4.0,28.0,47.0,3.0,9.0,1.0
116.431,0.569,31.086,0.552,-3.0,7.0,88.0,-4.0,2.0,-2.0,5.0,19.0,91.0,15.0,21.0,0.0
90.526,0.285,8.631,0.0,8.0,11.0,84.0,-1.0,9.0,-2.0,47.0,174.0,58.0,19.0,32.0,0.0
80.05,0.342,6.699,0.0,1.0,9.0,49.0,-25.0,-27.0,4.0,-1.0,19.0,26.0,0.0,8.0,2.0
106.012,0.399,34.022,0.728,27.0,28.0,112.0,-13.0,-25.0,1.0,2.0,27.0,59.0,4.0,9.0,2.0
100.034,0.171,26.118,0.527,37.0,10.0,203.0,-7.0,-76.0,9.0,7.0,29.0,67.0,6.0,9.0,1.0
71.054,0.114,24.011,0.602,-1.0,12.0,74.0,-27.0,-31.0,5.0,10.0,34.0,86.0,9.0,10.0,0.0
95.422,0.228,21.477,0.502,-4.0,8.0,79.0,-24.0,-28.0,3.0,9.0,42.0,81.0,10.0,10.0,-1.0
90.868,0.342,21.075,0.427,-9.0,5.0,66.0,-10.0,0.0,0.0,3.0,28.0,138.0,20.0,13.0,-4.0
73.503,0.228,5.871,0.0,6.0,12.0,83.0,-4.0,8.0,-2.0,13.0,44.0,203.0,17.0,5.0,-3.0
74.641,0.171,4.692,0.0,7.0,8.0,111.0,-25.0,-33.0,3.0,24.0,43.0,221.0,-9.0,-51.0,6.0
99.465,0.342,22.33,0.251,6.0,13.0,101.0,-28.0,-30.0,4.0,-37.0,-60.0,256.0,-27.0,-81.0,15.0
95.65,0.228,4.341,0.025,5.0,6.0,117.0,-22.0,-28.0,2.0,10.0,40.0,85.0,4.0,2.0,1.0
95.024,0.171,22.857,0.728,7.0,12.0,132.0,-28.0,-41.0,5.0,8.0,33.0,81.0,3.0,5.0,1.0
74.186,0.057,15.254,0.627,2.0,7.0,118.0,-23.0,-31.0,2.0,7.0,33.0,78.0,2.0,7.0,0.0
84.377,0.228,17.563,0.351,-3.0,12.0,81.0,-6.0,1.0,-2.0,6.0,25.0,120.0,16.0,23.0,-2.0
70.257,0.114,4.993,0.0,7.0,15.0,89.0,6.0,15.0,-4.0,19.0,57.0,135.0,21.0,26.0,-3.0
61.945,0.114,4.616,0.0,0.0,8.0,81.0,-20.0,-17.0,2.0,11.0,31.0,84.0,6.0,9.0,-1.0
90.127,0.171,18.24,0.301,0.0,13.0,70.0,-21.0,-16.0,2.0,13.0,36.0,112.0,11.0,10.0,-1.0
79.424,0.342,14.201,0.351,2.0,10.0,69.0,-17.0,-15.0,1.0,14.0,35.0,106.0,11.0,10.0,-1.0
81.303,0.285,12.57,0.276,-2.0,9.0,59.0,-19.0,-15.0,1.0,13.0,37.0,95.0,10.0,10.0,-1.0
71.965,0.0,11.767,0.276,-2.0,9.0,86.0,-17.0,-16.0,1.0,11.0,36.0,84.0,10.0,11.0,-2.0
75.552,0.114,10.889,0.527,-3.0,6.0,112.0,0.0,4.0,-3.0,10.0,26.0,117.0,22.0,20.0,-3.0
57.39,0.0,3.487,0.0,11.0,16.0,137.0,8.0,10.0,-4.0,25.0,58.0,154.0,30.0,26.0,-4.0
46.743,0.0,2.384,0.0,-4.0,8.0,54.0,-21.0,-17.0,3.0,11.0,31.0,94.0,9.0,10.0,-1.0
74.698,0.171,12.796,0.251,4.0,14.0,97.0,-18.0,-15.0,1.0,7.0,31.0,84.0,7.0,10.0,0.0
68.208,0.0,9.685,0.326,4.0,11.0,105.0,-17.0,-15.0,1.0,12.0,33.0,106.0,10.0,10.0,-1.0
81.758,0.228,9.007,0.301,-8.0,3.0,39.0,-20.0,-16.0,2.0,11.0,35.0,132.0,12.0,10.0,-2.0
59.326,0.285,7.903,0.326,-8.0,5.0,53.0,-18.0,-17.0,2.0,8.0,35.0,108.0,10.0,10.0,-2.0
67.069,0.057,8.405,0.326,-2.0,8.0,83.0,-2.0,4.0,-3.0,5.0,23.0,77.0,14.0,17.0,-1.0
43.498,0.0,2.384,0.0,10.0,15.0,109.0,6.0,10.0,-3.0,7.0,33.0,77.0,16.0,21.0,-1.0
41.961,0.0,1.631,0.0,-4.0,8.0,33.0,-21.0,-17.0,3.0,10.0,31.0,93.0,8.0,10.0,-1.0
67.752,0.114,10.513,0.401,5.0,18.0,57.0,-18.0,-15.0,2.0,7.0,31.0,77.0,6.0,5.0,1.0
60.294,0.285,7.1,0.151,16.0,23.0,114.0,-10.0,-16.0,-2.0,11.0,34.0,62.0,6.0,5.0,1.0
51.412,0.057,6.573,0.151,14.0,18.0,146.0,-24.0,-50.0,6.0,6.0,32.0,58.0,6.0,8.0,0.0
50.729,0.171,6.624,0.151,-3.0,5.0,114.0,-2.0,-1.0,-2.0,4.0,23.0,67.0,12.0,17.0,-1.0
47.028,0.057,2.082,0.0,-3.0,11.0,38.0,-5.0,8.0,-2.0,15.0,40.0,105.0,23.0,23.0,-2.0
56.194,0.0,2.057,0.0,1.0,12.0,51.0,-21.0,-18.0,3.0,6.0,29.0,59.0,5.0,9.0,0.0
70.997,0.228,8.681,0.176,3.0,15.0,63.0,-19.0,-16.0,2.0,11.0,34.0,110.0,11.0,10.0,-1.0
78.171,0.114,6.423,0.201,2.0,13.0,62.0,-18.0,-16.0,1.0,26.0,37.0,110.0,12.0,8.0,-1.0
87.395,0.057,5.495,0.176,2.0,11.0,73.0,-19.0,-16.0,1.0,11.0,34.0,106.0,11.0,9.0,0.0
83.124,0.0,5.921,0.125,2.0,11.0,142.0,-15.0,-18.0,0.0,9.0,34.0,128.0,12.0,9.0,-3.0
81.929,0.057,6.398,0.276,-1.0,11.0,138.0,2.0,3.0,-3.0,5.0,25.0,133.0,20.0,19.0,-3.0
70.542,0.0,1.556,0.0,-11.0,-14.0,75.0,-6.0,-2.0,-1.0,30.0,62.0,202.0,35.0,24.0,-5.0
55.625,0.0,1.33,0.0,12.0,-5.0,85.0,-39.0,-81.0,14.0,10.0,33.0,99.0,12.0,8.0,-1.0
85.516,0.0,8.48,0.151,3.0,21.0,81.0,-18.0,-17.0,1.0,6.0,31.0,100.0,10.0,8.0,0.0
101.173,0.057,5.068,0.176,-8.0,7.0,35.0,-21.0,-16.0,3.0,10.0,34.0,100.0,11.0,8.0,0.0
138.294,0.171,6.875,0.151,0.0,13.0,64.0,-19.0,-16.0,2.0,10.0,34.0,93.0,12.0,8.0,0.0
127.249,0.114,6.197,0.025,0.0,9.0,101.0,-14.0,-17.0,0.0,13.0,38.0,111.0,14.0,9.0,-2.0
0.0,0.0,6.599,0.05,-2.0,5.0,124.0,5.0,4.0,-3.0,11.0,28.0,172.0,31.0,23.0,-5.0
0.0,0.0,1.405,0.0,9.0,14.0,112.0,7.0,11.0,-3.0,28.0,60.0,176.0,38.0,28.0,-5.0
351.685,0.228,1.129,0.0,2.0,12.0,76.0,-19.0,-19.0,2.0,10.0,32.0,64.0,9.0,6.0,0.0
163.63,0.0,8.054,0.226,7.0,17.0,109.0,-17.0,-16.0,1.0,14.0,39.0,105.0,13.0,6.0,0.0
194.432,0.057,5.821,0.176,7.0,16.0,128.0,-15.0,-17.0,1.0,30.0,71.0,147.0,24.0,2.0,-5.0
237.189,0.285,5.72,0.075,6.0,16.0,114.0,-16.0,-18.0,1.0,-39.0,-56.0,255.0,-25.0,-80.0,16.0
219.654,0.057,1.204,0.0,2.0,13.0,160.0,-14.0,-20.0,0.0,18.0,44.0,180.0,-1.0,-38.0,5.0
0.0,0.0,6.398,0.075,-8.0,8.0,153.0,0.0,-1.0,-3.0,1.0,21.0,205.0,23.0,8.0,-5.0
0.0,0.0,1.631,0.0,-1.0,15.0,57.0,-1.0,10.0,-2.0,17.0,53.0,172.0,39.0,22.0,-7.0
583.693,0.114,1.179,0.0,2.0,13.0,77.0,-19.0,-20.0,2.0,7.0,32.0,62.0,9.0,3.0,1.0
272.887,0.114,9.384,0.176,6.0,17.0,110.0,-18.0,-17.0,2.0,11.0,36.0,100.0,11.0,3.0,1.0
274.766,0.057,8.129,0.1,7.0,13.0,128.0,-15.0,-18.0,1.0,17.0,38.0,137.0,14.0,4.0,-1.0
313.539,0.114,7.652,0.025,2.0,10.0,108.0,-17.0,-19.0,2.0,19.0,44.0,150.0,15.0,4.0,-2.0
294.124,0.228,8.681,0.176,0.0,9.0,91.0,-18.0,-20.0,1.0,14.0,38.0,152.0,14.0,6.0,-2.0
0.0,0.0,8.631,0.125,-3.0,6.0,94.0,-1.0,2.0,-2.0,3.0,24.0,194.0,29.0,21.0,-5.0
0.0,0.0,2.434,0.0,13.0,18.0,92.0,4.0,12.0,-3.0,51.0,204.0,175.0,38.0,40.0,-7.0
733.26,0.228,2.208,0.0,0.0,10.0,60.0,-21.0,-21.0,3.0,9.0,29.0,143.0,10.0,-4.0,0.0
328.968,0.228,17.437,0.075,11.0,20.0,119.0,-18.0,-18.0,2.0,8.0,33.0,124.0,8.0,-5.0,2.0
357.037,0.455,13.674,0.1,8.0,15.0,129.0,-17.0,-19.0,1.0,14.0,35.0,143.0,11.0,-4.0,0.0
370.758,0.455,14.753,0.0,-2.0,10.0,58.0,-22.0,-19.0,3.0,11.0,36.0,139.0,11.0,-5.0,1.0
345.934,0.171,16.108,0.125,1.0,11.0,109.0,-17.0,-20.0,1.0,4.0,32.0,111.0,5.0,-6.0,1.0
0.0,0.0,15.43,0.151,-2.0,7.0,128.0,1.0,1.0,-3.0,6.0,28.0,154.0,23.0,14.0,-4.0
0.0,0.0,3.964,0.0,7.0,16.0,99.0,2.0,9.0,-2.0,23.0,62.0,203.0,34.0,23.0,-6.0
783.477,0.171,2.986,0.0,8.0,17.0,93.0,-20.0,-23.0,3.0,13.0,35.0,147.0,10.0,-8.0,0.0
378.786,0.512,26.971,0.05,11.0,21.0,106.0,-19.0,-19.0,2.0,10.0,33.0,127.0,6.0,-9.0,2.0
366.089,0.228,24.186,0.075,8.0,16.0,90.0,-19.0,-20.0,2.0,15.0,35.0,137.0,8.0,-9.0,1.0
415.395,0.285,26.796,0.226,0.0,10.0,52.0,-22.0,-20.0,3.0,14.0,36.0,142.0,9.0,-8.0,1.0
381.576,0.171,26.244,0.0,1.0,10.0,114.0,-20.0,-22.0,1.0,11.0,36.0,109.0,7.0,-8.0,1.0
0.0,0.0,31.713,0.1,-7.0,6.0,102.0,-2.0,-1.0,-2.0,9.0,28.0,157.0,26.0,15.0,-4.0
0.0,0.0,7.125,0.0,2.0,13.0,82.0,0.0,6.0,-2.0,18.0,41.0,110.0,24.0,17.0,-2.0
877.533,0.114,5.695,0.0,7.0,14.0,102.0,-24.0,-27.0,3.0,17.0,37.0,110.0,8.0,-12.0,1.0
422.056,0.171,51.032,0.125,10.0,18.0,147.0,-22.0,-24.0,3.0,14.0,35.0,145.0,8.0,-11.0,2.0
387.497,0.228,41.297,0.151,6.0,14.0,132.0,-23.0,-25.0,2.0,17.0,36.0,178.0,10.0,-11.0,1.0
401.73,0.228,46.165,0.1,4.0,13.0,100.0,-23.0,-25.0,3.0,17.0,39.0,177.0,12.0,-11.0,1.0
370.986,0.285,49.502,0.05,-2.0,6.0,130.0,-20.0,-27.0,3.0,9.0,34.0,145.0,8.0,-11.0,1.0
0.0,0.0,53.466,0.0,-7.0,7.0,134.0,1.0,-3.0,-2.0,5.0,25.0,124.0,23.0,11.0,-3.0
0.0,0.0,9.961,0.0,6.0,17.0,159.0,8.0,5.0,-3.0,29.0,59.0,189.0,38.0,21.0,-5.0
741.971,0.569,8.004,0.0,1.0,11.0,169.0,-28.0,-35.0,7.0,16.0,36.0,169.0,11.0,-15.0,3.0
288.203,0.399,81.491,0.125,-9.0,5.0,195.0,-34.0,-36.0,14.0,12.0,37.0,217.0,9.0,-14.0,11.0
256.376,0.399,71.53,0.276,1.0,13.0,131.0,-26.0,-32.0,4.0,14.0,38.0,218.0,8.0,-15.0,1.0
255.864,0.228,75.219,0.151,-5.0,7.0,66.0,-31.0,-33.0,6.0,12.0,40.0,214.0,7.0,-14.0,1.0
263.55,0.342,76.072,0.151,0.0,9.0,132.0,-23.0,-33.0,3.0,8.0,38.0,176.0,7.0,-14.0,1.0
0.0,0.0,87.513,0.301,-9.0,5.0,132.0,-4.0,-4.0,-2.0,0.0,26.0,177.0,23.0,10.0,-3.0
0.0,0.0,16.082,0.0,-2.0,7.0,146.0,-3.0,1.0,-2.0,25.0,55.0,192.0,35.0,18.0,-5.0
565.246,0.512,14.753,0.0,6.0,13.0,131.0,-30.0,-40.0,6.0,16.0,39.0,201.0,9.0,-16.0,1.0
254.953,0.626,128.032,0.351,10.0,17.0,151.0,-29.0,-38.0,5.0,14.0,38.0,170.0,7.0,-16.0,4.0
234.4,0.399,93.308,0.276,7.0,10.0,155.0,-27.0,-37.0,4.0,21.0,39.0,197.0,11.0,-16.0,2.0
209.747,0.342,87.412,0.301,4.0,10.0,129.0,-30.0,-38.0,5.0,20.0,41.0,223.0,12.0,-15.0,1.0
184.013,0.171,84.953,0.226,-3.0,5.0,151.0,-27.0,-39.0,4.0,12.0,37.0,183.0,8.0,-15.0,1.0
0.0,0.0,92.43,0.351,-12.0,0.0,139.0,-1.0,-8.0,-2.0,4.0,25.0,140.0,22.0,9.0,-2.0
0.0,0.0,16.283,0.0,-10.0,5.0,65.0,-10.0,1.0,0.0,13.0,41.0,118.0,26.0,15.0,-1.0
417.16,0.285,15.48,0.0,7.0,12.0,153.0,-30.0,-45.0,6.0,21.0,41.0,192.0,14.0,-16.0,2.0
189.137,0.171,141.631,0.552,10.0,15.0,201.0,-29.0,-43.0,6.0,18.0,40.0,229.0,11.0,-16.0,2.0
166.021,0.342,112.176,0.401,2.0,6.0,208.0,-28.0,-43.0,4.0,19.0,38.0,242.0,10.0,-16.0,1.0
138.806,0.228,112.351,0.502,-2.0,8.0,146.0,-32.0,-44.0,6.0,17.0,39.0,249.0,9.0,-17.0,1.0
140.628,0.057,107.634,0.427,-5.0,4.0,149.0,-30.0,-44.0,4.0,9.0,35.0,197.0,6.0,-17.0,1.0
0.0,0.0,110.52,0.376,-12.0,0.0,145.0,1.0,-11.0,-1.0,7.0,26.0,174.0,23.0,7.0,-3.0
0.0,0.0,17.513,0.0,4.0,10.0,153.0,4.0,3.0,-3.0,35.0,65.0,218.0,42.0,20.0,-5.0
277.613,0.968,15.029,0.0,8.0,12.0,165.0,-30.0,-47.0,6.0,21.0,38.0,182.0,12.0,-15.0,1.0
124.573,0.228,149.509,0.652,10.0,15.0,215.0,-29.0,-45.0,5.0,19.0,38.0,210.0,9.0,-15.0,2.0
120.644,0.228,112.376,0.778,1.0,6.0,209.0,-29.0,-44.0,4.0,25.0,40.0,218.0,12.0,-15.0,1.0
100.319,0.114,108.262,0.502,-5.0,6.0,169.0,-33.0,-45.0,6.0,23.0,42.0,212.0,12.0,-15.0,1.0
107.037,0.228,105.928,0.351,-12.0,2.0,181.0,-31.0,-45.0,5.0,15.0,41.0,196.0,10.0,-16.0,0.0
0.0,0.0,116.391,0.552,-20.0,-2.0,161.0,-9.0,-11.0,-1.0,9.0,35.0,200.0,27.0,7.0,-4.0
0.0,0.0,19.444,0.0,-7.0,7.0,153.0,-2.0,2.0,-1.0,30.0,66.0,237.0,34.0,13.0,-4.0
228.308,0.285,19.344,0.0,6.0,14.0,148.0,-29.0,-43.0,8.0,-24.0,-52.0,337.0,-15.0,-80.0,13.0
109.599,0.455,20.222,0.0,9.0,16.0,190.0,-27.0,-41.0,8.0,21.0,51.0,194.0,11.0,-16.0,4.0
95.65,0.342,179.943,0.627,-2.0,6.0,103.0,-30.0,-40.0,9.0,22.0,41.0,219.0,12.0,-13.0,4.0
19.301,0.228,132.172,0.703,5.0,11.0,136.0,-27.0,-40.0,8.0,19.0,41.0,223.0,11.0,-12.0,4.0
140.059,0.512,120.907,0.853,-3.0,6.0,136.0,-25.0,-40.0,7.0,11.0,35.0,182.0,7.0,-12.0,5.0
0.0,0.0,121.032,0.527,-9.0,3.0,140.0,-1.0,-6.0,0.0,7.0,26.0,170.0,23.0,17.0,0.0
0.0,0.0,19.194,0.0,5.0,14.0,126.0,4.0,7.0,-1.0,16.0,47.0,131.0,25.0,23.0,0.0
174.448,0.512,18.115,0.0,9.0,16.0,133.0,-25.0,-34.0,7.0,16.0,34.0,127.0,9.0,-11.0,5.0
78.342,0.228,154.853,0.703,12.0,20.0,169.0,-22.0,-32.0,6.0,14.0,34.0,156.0,9.0,-9.0,6.0
72.193,0.171,110.219,0.677,8.0,14.0,171.0,-24.0,-32.0,5.0,19.0,36.0,174.0,12.0,-9.0,5.0
68.321,0.114,96.545,0.778,1.0,12.0,137.0,-25.0,-32.0,7.0,18.0,37.0,189.0,14.0,-9.0,4.0
65.702,0.114,96.595,1.004,0.0,12.0,125.0,-27.0,-32.0,6.0,11.0,36.0,175.0,10.0,-9.0,3.0
0.0,0.0,98.577,0.577,-5.0,6.0,128.0,2.0,-4.0,0.0,4.0,21.0,227.0,27.0,18.0,-2.0
0.0,0.0,15.229,0.0,8.0,18.0,112.0,5.0,9.0,-1.0,66.0,203.0,148.0,39.0,41.0,-4.0
160.84,0.228,13.95,0.0,6.0,16.0,94.0,-26.0,-29.0,5.0,14.0,27.0,125.0,10.0,-7.0,4.0
73.218,0.057,132.975,0.728,9.0,20.0,123.0,-34.0,-27.0,5.0,15.0,33.0,131.0,9.0,-5.0,4.0
68.151,0.057,95.993,0.853,7.0,15.0,112.0,-24.0,-26.0,4.0,21.0,36.0,117.0,11.0,-5.0,3.0
134.65,0.0,83.774,0.652,2.0,12.0,96.0,-18.0,-25.0,2.0,23.0,44.0,128.0,15.0,-8.0,2.0
0.0,0.285,86.609,0.276,0.0,10.0,122.0,-15.0,-27.0,2.0,9.0,35.0,111.0,12.0,-3.0,-1.0
64.962,0.0,82.093,0.577,-6.0,6.0,121.0,7.0,-3.0,-2.0,8.0,26.0,154.0,21.0,19.0,-2.0
50.33,0.0,12.595,0.0,2.0,17.0,99.0,9.0,7.0,-2.0,17.0,62.0,144.0,25.0,25.0,-2.0
45.605,0.0,11.993,0.0,0.0,12.0,96.0,-16.0,-26.0,3.0,12.0,35.0,103.0,14.0,-3.0,0.0
83.352,0.228,146.448,0.527,2.0,17.0,109.0,-16.0,-24.0,2.0,8.0,34.0,116.0,13.0,-3.0,1.0
0.0,0.0,111.599,0.502,1.0,13.0,92.0,-16.0,-24.0,2.0,11.0,34.0,121.0,14.0,-3.0,0.0
0.0,0.0,105.953,0.627,-8.0,8.0,47.0,-18.0,-24.0,3.0,8.0,35.0,104.0,13.0,-3.0,0.0
229.162,0.228,114.133,0.351,-9.0,7.0,70.0,-36.0,-25.0,3.0,10.0,38.0,93.0,13.0,-2.0,0.0
0.0,0.0,124.695,0.477,-9.0,6.0,90.0,-1.0,-2.0,-1.0,9.0,25.0,90.0,17.0,15.0,0.0
0.0,0.0,16.258,0.0,6.0,16.0,99.0,5.0,9.0,-2.0,-1.0,36.0,63.0,15.0,21.0,1.0
0.0,0.0,16.534,0.0,0.0,10.0,90.0,-15.0,-24.0,2.0,11.0,33.0,79.0,12.0,-1.0,1.0
244.876,0.399,197.455,0.703,1.0,15.0,93.0,-17.0,-23.0,2.0,7.0,32.0,95.0,11.0,-2.0,1.0
0.0,0.0,153.724,0.477,-4.0,11.0,70.0,-16.0,-23.0,3.0,10.0,33.0,87.0,12.0,-2.0,1.0
0.0,0.0,146.975,0.427,-7.0,10.0,49.0,-18.0,-23.0,3.0,9.0,34.0,84.0,11.0,-1.0,1.0
245.274,0.342,136.161,0.627,-8.0,8.0,55.0,-20.0,-23.0,3.0,6.0,32.0,76.0,9.0,1.0,0.0
0.0,0.0,136.262,0.251,-10.0,7.0,54.0,-4.0,-2.0,0.0,4.0,23.0,88.0,15.0,16.0,-1.0
0.0,0.0,16.935,0.0,-12.0,8.0,6.0,-5.0,2.0,1.0,-8.0,29.0,40.0,9.0,18.0,2.0
0.0,0.0,18.065,0.0,-8.0,9.0,43.0,-19.0,-23.0,4.0,4.0,28.0,41.0,6.0,1.0,2.0
256.206,0.228,192.538,0.401,0.0,19.0,69.0,-17.0,-21.0,3.0,3.0,30.0,63.0,7.0,1.0,2.0
0.0,0.0,141.355,0.602,0.0,15.0,77.0,-16.0,-21.0,2.0,6.0,31.0,62.0,7.0,1.0,2.0
0.0,0.0,123.892,0.527,-2.0,13.0,64.0,-16.0,-21.0,2.0,7.0,33.0,77.0,11.0,2.0,1.0
306.422,0.399,111.222,0.477,-2.0,13.0,67.0,-15.0,-22.0,2.0,5.0,32.0,77.0,9.0,3.0,1.0
0.0,0.0,113.581,0.627,-6.0,9.0,45.0,-4.0,-2.0,0.0,5.0,23.0,116.0,19.0,17.0,-1.0
0.0,0.0,18.591,0.0,12.0,23.0,70.0,8.0,8.0,-2.0,5.0,45.0,104.0,21.0,22.0,-1.0
0.228,0.0,18.341,0.0,-10.0,7.0,11.0,-20.0,-21.0,5.0,4.0,29.0,59.0,8.0,5.0,2.0
391.539,0.342,162.631,0.627,-5.0,14.0,24.0,-18.0,-20.0,4.0,2.0,29.0,62.0,8.0,4.0,3.0
0.0,0.0,122.262,0.703,-1.0,15.0,35.0,-17.0,-19.0,3.0,6.0,30.0,62.0,9.0,4.0,2.0
0.0,0.0,107.108,0.753,-2.0,13.0,35.0,-17.0,-19.0,3.0,8.0,34.0,74.0,11.0,5.0,1.0
485.367,0.399,97.498,0.753,0.0,12.0,61.0,-14.0,-19.0,2.0,9.0,34.0,62.0,11.0,7.0,0.0
0.0,0.0,89.444,0.728,-4.0,10.0,44.0,-2.0,-1.0,0.0,7.0,25.0,80.0,19.0,15.0,0.0
0.0,0.0,7.728,0.0,4.0,19.0,56.0,3.0,6.0,0.0,-4.0,35.0,54.0,14.0,18.0,2.0
0.114,0.0,5.645,0.0,5.0,18.0,62.0,-15.0,-19.0,3.0,7.0,31.0,38.0,11.0,6.0,2.0
597.13,0.74,115.889,0.828,4.0,20.0,72.0,-15.0,-17.0,3.0,5.0,31.0,69.0,12.0,7.0,2.0
0.0,0.0,80.086,0.728,-1.0,15.0,52.0,-17.0,-18.0,3.0,7.0,31.0,78.0,13.0,7.0,1.0
0.0,0.0,72.258,1.054,-3.0,13.0,47.0,-17.0,-16.0,3.0,7.0,33.0,94.0,14.0,8.0,1.0
660.612,1.651,65.885,1.029,-2.0,12.0,60.0,-17.0,-18.0,2.0,8.0,33.0,92.0,14.0,8.0,-1.0
0.0,0.0,93.634,0.326,-4.0,10.0,62.0,-2.0,-2.0,0.0,7.0,25.0,114.0,20.0,16.0,-2.0
0.0,0.0,11.566,0.0,9.0,17.0,82.0,6.0,5.0,-1.0,7.0,40.0,100.0,21.0,19.0,-1.0
0.0,0.0,9.685,0.0,-8.0,8.0,31.0,-21.0,-18.0,4.0,8.0,32.0,70.0,12.0,8.0,1.0
687.542,0.569,82.495,1.129,-1.0,16.0,60.0,-18.0,-16.0,3.0,7.0,32.0,77.0,12.0,8.0,1.0
0.0,0.0,59.211,0.552,-2.0,13.0,53.0,-18.0,-16.0,3.0,10.0,32.0,76.0,13.0,8.0,1.0
0.0,0.0,47.871,0.602,-9.0,8.0,11.0,-19.0,-16.0,4.0,12.0,36.0,89.0,16.0,8.0,0.0
628.558,1.082,43.781,0.552,-7.0,11.0,30.0,-19.0,-17.0,4.0,11.0,34.0,78.0,11.0,-2.0,1.0
0.0,0.0,39.968,0.778,-6.0,10.0,29.0,-6.0,-2.0,1.0,9.0,26.0,90.0,20.0,16.0,0.0
